rep,host,t,globalNumCH
0,0,1000.0,3.0
0,0,2000.0,7.0
0,0,3000.0,8.0
0,0,4000.0,6.0
0,0,5000.0,5.0
0,0,6000.0,6.0
0,0,7000.0,6.0
0,0,8000.0,6.0
0,0,9000.0,6.0
0,0,10000.0,6.0
0,0,11000.0,5.0
0,0,12000.0,5.0
0,0,13000.0,4.0
0,0,14000.0,3.0
0,0,15000.0,4.0
0,0,16000.0,3.0
0,0,17000.0,3.0
0,0,18000.0,4.0
0,0,19000.0,5.0
0,0,20000.0,4.0
0,0,21000.0,4.0
0,0,22000.0,4.0
0,0,23000.0,4.0
0,0,24000.0,5.0
0,0,25000.0,5.0
0,0,26000.0,5.0
0,0,27000.0,5.0
0,0,28000.0,5.0
0,0,29000.0,5.0
0,0,30000.0,5.0
0,0,31000.0,5.0
0,0,32000.0,5.0
0,0,33000.0,5.0
0,0,34000.0,5.0
0,0,35000.0,6.0
0,0,36000.0,5.0
0,0,37000.0,5.0
0,0,38000.0,4.0
0,0,39000.0,4.0
0,0,40000.0,4.0
0,0,41000.0,4.0
0,0,42000.0,4.0
0,0,43000.0,4.0
0,0,44000.0,4.0
0,0,45000.0,4.0
0,0,46000.0,4.0
0,0,47000.0,4.0
0,0,48000.0,4.0
0,0,49000.0,4.0
0,0,50000.0,4.0
0,1,1000.0,3.0
0,1,2000.0,7.0
0,1,3000.0,8.0
0,1,4000.0,6.0
0,1,5000.0,5.0
0,1,6000.0,6.0
0,1,7000.0,6.0
0,1,8000.0,6.0
0,1,9000.0,6.0
0,1,10000.0,6.0
0,1,11000.0,5.0
0,1,12000.0,5.0
0,1,13000.0,4.0
0,1,14000.0,3.0
0,1,15000.0,4.0
0,1,16000.0,3.0
0,1,17000.0,3.0
0,1,18000.0,4.0
0,1,19000.0,5.0
0,1,20000.0,4.0
0,1,21000.0,4.0
0,1,22000.0,4.0
0,1,23000.0,4.0
0,1,24000.0,5.0
0,1,25000.0,5.0
0,1,26000.0,5.0
0,1,27000.0,5.0
0,1,28000.0,5.0
0,1,29000.0,5.0
0,1,30000.0,5.0
0,1,31000.0,5.0
0,1,32000.0,5.0
0,1,33000.0,5.0
0,1,34000.0,5.0
0,1,35000.0,6.0
0,1,36000.0,5.0
0,1,37000.0,5.0
0,1,38000.0,4.0
0,1,39000.0,4.0
0,1,40000.0,4.0
0,1,41000.0,4.0
0,1,42000.0,4.0
0,1,43000.0,4.0
0,1,44000.0,4.0
0,1,45000.0,4.0
0,1,46000.0,4.0
0,1,47000.0,4.0
0,1,48000.0,4.0
0,1,49000.0,4.0
0,1,50000.0,4.0
0,2,1000.0,3.0
0,2,2000.0,7.0
0,2,3000.0,8.0
0,2,4000.0,6.0
0,2,5000.0,5.0
0,2,6000.0,6.0
0,2,7000.0,6.0
0,2,8000.0,6.0
0,2,9000.0,6.0
0,2,10000.0,6.0
0,2,11000.0,5.0
0,2,12000.0,5.0
0,2,13000.0,4.0
0,2,14000.0,3.0
0,2,15000.0,4.0
0,2,16000.0,3.0
0,2,17000.0,3.0
0,2,18000.0,4.0
0,2,19000.0,5.0
0,2,20000.0,4.0
0,2,21000.0,4.0
0,2,22000.0,4.0
0,2,23000.0,4.0
0,2,24000.0,5.0
0,2,25000.0,5.0
0,2,26000.0,5.0
0,2,27000.0,5.0
0,2,28000.0,5.0
0,2,29000.0,5.0
0,2,30000.0,5.0
0,2,31000.0,5.0
0,2,32000.0,5.0
0,2,33000.0,5.0
0,2,34000.0,5.0
0,2,35000.0,6.0
0,2,36000.0,5.0
0,2,37000.0,5.0
0,2,38000.0,4.0
0,2,39000.0,4.0
0,2,40000.0,4.0
0,2,41000.0,4.0
0,2,42000.0,4.0
0,2,43000.0,4.0
0,2,44000.0,4.0
0,2,45000.0,4.0
0,2,46000.0,4.0
0,2,47000.0,4.0
0,2,48000.0,4.0
0,2,49000.0,4.0
0,2,50000.0,4.0
0,4,1000.0,3.0
0,4,2000.0,7.0
0,4,3000.0,8.0
0,4,4000.0,6.0
0,4,5000.0,5.0
0,4,6000.0,6.0
0,4,7000.0,6.0
0,4,8000.0,6.0
0,4,9000.0,6.0
0,4,10000.0,6.0
0,4,11000.0,5.0
0,4,12000.0,5.0
0,4,13000.0,4.0
0,4,14000.0,3.0
0,4,15000.0,4.0
0,4,16000.0,3.0
0,4,17000.0,3.0
0,4,18000.0,4.0
0,4,19000.0,5.0
0,4,20000.0,4.0
0,4,21000.0,4.0
0,4,22000.0,4.0
0,4,23000.0,4.0
0,4,24000.0,5.0
0,4,25000.0,5.0
0,4,26000.0,5.0
0,4,27000.0,5.0
0,4,28000.0,5.0
0,4,29000.0,5.0
0,4,30000.0,5.0
0,4,31000.0,5.0
0,4,32000.0,5.0
0,4,33000.0,5.0
0,4,34000.0,5.0
0,4,35000.0,6.0
0,4,36000.0,5.0
0,4,37000.0,5.0
0,4,38000.0,4.0
0,4,39000.0,4.0
0,4,40000.0,4.0
0,4,41000.0,4.0
0,4,42000.0,4.0
0,4,43000.0,4.0
0,4,44000.0,4.0
0,4,45000.0,4.0
0,4,46000.0,4.0
0,4,47000.0,4.0
0,4,48000.0,4.0
0,4,49000.0,4.0
0,4,50000.0,4.0
0,5,1000.0,3.0
0,5,2000.0,7.0
0,5,3000.0,8.0
0,5,4000.0,6.0
0,5,5000.0,5.0
0,5,6000.0,6.0
0,5,7000.0,6.0
0,5,8000.0,6.0
0,5,9000.0,6.0
0,5,10000.0,6.0
0,5,11000.0,5.0
0,5,12000.0,5.0
0,5,13000.0,4.0
0,5,14000.0,3.0
0,5,15000.0,4.0
0,5,16000.0,3.0
0,5,17000.0,3.0
0,5,18000.0,4.0
0,5,19000.0,5.0
0,5,20000.0,4.0
0,5,21000.0,4.0
0,5,22000.0,4.0
0,5,23000.0,4.0
0,5,24000.0,5.0
0,5,25000.0,5.0
0,5,26000.0,5.0
0,5,27000.0,5.0
0,5,28000.0,5.0
0,5,29000.0,5.0
0,5,30000.0,5.0
0,5,31000.0,5.0
0,5,32000.0,5.0
0,5,33000.0,5.0
0,5,34000.0,5.0
0,5,35000.0,6.0
0,5,36000.0,5.0
0,5,37000.0,5.0
0,5,38000.0,4.0
0,5,39000.0,4.0
0,5,40000.0,4.0
0,5,41000.0,4.0
0,5,42000.0,4.0
0,5,43000.0,4.0
0,5,44000.0,4.0
0,5,45000.0,4.0
0,5,46000.0,4.0
0,5,47000.0,4.0
0,5,48000.0,4.0
0,5,49000.0,4.0
0,5,50000.0,4.0
0,6,1000.0,3.0
0,6,2000.0,7.0
0,6,3000.0,8.0
0,6,4000.0,6.0
0,6,5000.0,5.0
0,6,6000.0,6.0
0,6,7000.0,6.0
0,6,8000.0,6.0
0,6,9000.0,6.0
0,6,10000.0,6.0
0,6,11000.0,5.0
0,6,12000.0,5.0
0,6,13000.0,4.0
0,6,14000.0,3.0
0,6,15000.0,4.0
0,6,16000.0,3.0
0,6,17000.0,3.0
0,6,18000.0,4.0
0,6,19000.0,5.0
0,6,20000.0,4.0
0,6,21000.0,4.0
0,6,22000.0,4.0
0,6,23000.0,4.0
0,6,24000.0,5.0
0,6,25000.0,5.0
0,6,26000.0,5.0
0,6,27000.0,5.0
0,6,28000.0,5.0
0,6,29000.0,5.0
0,6,30000.0,5.0
0,6,31000.0,5.0
0,6,32000.0,5.0
0,6,33000.0,5.0
0,6,34000.0,5.0
0,6,35000.0,6.0
0,6,36000.0,5.0
0,6,37000.0,5.0
0,6,38000.0,4.0
0,6,39000.0,4.0
0,6,40000.0,4.0
0,6,41000.0,4.0
0,6,42000.0,4.0
0,6,43000.0,4.0
0,6,44000.0,4.0
0,6,45000.0,4.0
0,6,46000.0,4.0
0,6,47000.0,4.0
0,6,48000.0,4.0
0,6,49000.0,4.0
0,6,50000.0,4.0
0,7,1000.0,3.0
0,7,2000.0,7.0
0,7,3000.0,8.0
0,7,4000.0,6.0
0,7,5000.0,5.0
0,7,6000.0,6.0
0,7,7000.0,6.0
0,7,8000.0,6.0
0,7,9000.0,6.0
0,7,10000.0,6.0
0,7,11000.0,5.0
0,7,12000.0,5.0
0,7,13000.0,4.0
0,7,14000.0,3.0
0,7,15000.0,4.0
0,7,16000.0,3.0
0,7,17000.0,3.0
0,7,18000.0,4.0
0,7,19000.0,5.0
0,7,20000.0,4.0
0,7,21000.0,4.0
0,7,22000.0,4.0
0,7,23000.0,4.0
0,7,24000.0,5.0
0,7,25000.0,5.0
0,7,26000.0,5.0
0,7,27000.0,5.0
0,7,28000.0,5.0
0,7,29000.0,5.0
0,7,30000.0,5.0
0,7,31000.0,5.0
0,7,32000.0,5.0
0,7,33000.0,5.0
0,7,34000.0,5.0
0,7,35000.0,6.0
0,7,36000.0,5.0
0,7,37000.0,5.0
0,7,38000.0,4.0
0,7,39000.0,4.0
0,7,40000.0,4.0
0,7,41000.0,4.0
0,7,42000.0,4.0
0,7,43000.0,4.0
0,7,44000.0,4.0
0,7,45000.0,4.0
0,7,46000.0,4.0
0,7,47000.0,4.0
0,7,48000.0,4.0
0,7,49000.0,4.0
0,7,50000.0,4.0
0,8,1000.0,3.0
0,8,2000.0,7.0
0,8,3000.0,8.0
0,8,4000.0,6.0
0,8,5000.0,5.0
0,8,6000.0,6.0
0,8,7000.0,6.0
0,8,8000.0,6.0
0,8,9000.0,6.0
0,8,10000.0,6.0
0,8,11000.0,5.0
0,8,12000.0,5.0
0,8,13000.0,4.0
0,8,14000.0,3.0
0,8,15000.0,4.0
0,8,16000.0,3.0
0,8,17000.0,3.0
0,8,18000.0,4.0
0,8,19000.0,5.0
0,8,20000.0,4.0
0,8,21000.0,4.0
0,8,22000.0,4.0
0,8,23000.0,4.0
0,8,24000.0,5.0
0,8,25000.0,5.0
0,8,26000.0,5.0
0,8,27000.0,5.0
0,8,28000.0,5.0
0,8,29000.0,5.0
0,8,30000.0,5.0
0,8,31000.0,5.0
0,8,32000.0,5.0
0,8,33000.0,5.0
0,8,34000.0,5.0
0,8,35000.0,6.0
0,8,36000.0,5.0
0,8,37000.0,5.0
0,8,38000.0,4.0
0,8,39000.0,4.0
0,8,40000.0,4.0
0,8,41000.0,4.0
0,8,42000.0,4.0
0,8,43000.0,4.0
0,8,44000.0,4.0
0,8,45000.0,4.0
0,8,46000.0,4.0
0,8,47000.0,4.0
0,8,48000.0,4.0
0,8,49000.0,4.0
0,8,50000.0,4.0
0,9,1000.0,3.0
0,9,2000.0,7.0
0,9,3000.0,8.0
0,9,4000.0,6.0
0,9,5000.0,5.0
0,9,6000.0,6.0
0,9,7000.0,6.0
0,9,8000.0,6.0
0,9,9000.0,6.0
0,9,10000.0,6.0
0,9,11000.0,5.0
0,9,12000.0,5.0
0,9,13000.0,4.0
0,9,14000.0,3.0
0,9,15000.0,4.0
0,9,16000.0,3.0
0,9,17000.0,3.0
0,9,18000.0,4.0
0,9,19000.0,5.0
0,9,20000.0,4.0
0,9,21000.0,4.0
0,9,22000.0,4.0
0,9,23000.0,4.0
0,9,24000.0,5.0
0,9,25000.0,5.0
0,9,26000.0,5.0
0,9,27000.0,5.0
0,9,28000.0,5.0
0,9,29000.0,5.0
0,9,30000.0,5.0
0,9,31000.0,5.0
0,9,32000.0,5.0
0,9,33000.0,5.0
0,9,34000.0,5.0
0,9,35000.0,6.0
0,9,36000.0,5.0
0,9,37000.0,5.0
0,9,38000.0,4.0
0,9,39000.0,4.0
0,9,40000.0,4.0
0,9,41000.0,4.0
0,9,42000.0,4.0
0,9,43000.0,4.0
0,9,44000.0,4.0
0,9,45000.0,4.0
0,9,46000.0,4.0
0,9,47000.0,4.0
0,9,48000.0,4.0
0,9,49000.0,4.0
0,9,50000.0,4.0
1,0,1000.0,3.0
1,0,2000.0,7.0
1,0,3000.0,8.0
1,0,4000.0,6.0
1,0,5000.0,6.0
1,0,6000.0,6.0
1,0,7000.0,6.0
1,0,8000.0,6.0
1,0,9000.0,6.0
1,0,10000.0,7.0
1,0,11000.0,7.0
1,0,12000.0,6.0
1,0,13000.0,6.0
1,0,14000.0,6.0
1,0,15000.0,6.0
1,0,16000.0,6.0
1,0,17000.0,6.0
1,0,18000.0,6.0
1,0,19000.0,6.0
1,0,20000.0,6.0
1,0,21000.0,6.0
1,0,22000.0,6.0
1,0,23000.0,6.0
1,0,24000.0,6.0
1,0,25000.0,6.0
1,0,26000.0,6.0
1,0,27000.0,6.0
1,0,28000.0,5.0
1,0,29000.0,5.0
1,0,30000.0,5.0
1,0,31000.0,5.0
1,0,32000.0,5.0
1,0,33000.0,5.0
1,0,34000.0,5.0
1,0,35000.0,5.0
1,0,36000.0,5.0
1,0,37000.0,5.0
1,0,38000.0,4.0
1,0,39000.0,6.0
1,0,40000.0,6.0
1,0,41000.0,4.0
1,0,42000.0,6.0
1,0,43000.0,6.0
1,0,44000.0,6.0
1,0,45000.0,6.0
1,0,46000.0,5.0
1,0,47000.0,5.0
1,0,48000.0,5.0
1,0,49000.0,5.0
1,0,50000.0,5.0
1,1,1000.0,3.0
1,1,2000.0,7.0
1,1,3000.0,8.0
1,1,4000.0,6.0
1,1,5000.0,6.0
1,1,6000.0,6.0
1,1,7000.0,6.0
1,1,8000.0,6.0
1,1,9000.0,6.0
1,1,10000.0,7.0
1,1,11000.0,7.0
1,1,12000.0,6.0
1,1,13000.0,6.0
1,1,14000.0,6.0
1,1,15000.0,6.0
1,1,16000.0,6.0
1,1,17000.0,6.0
1,1,18000.0,6.0
1,1,19000.0,6.0
1,1,20000.0,6.0
1,1,21000.0,6.0
1,1,22000.0,6.0
1,1,23000.0,6.0
1,1,24000.0,6.0
1,1,25000.0,6.0
1,1,26000.0,6.0
1,1,27000.0,6.0
1,1,28000.0,5.0
1,1,29000.0,5.0
1,1,30000.0,5.0
1,1,31000.0,5.0
1,1,32000.0,5.0
1,1,33000.0,5.0
1,1,34000.0,5.0
1,1,35000.0,5.0
1,1,36000.0,5.0
1,1,37000.0,5.0
1,1,38000.0,4.0
1,1,39000.0,6.0
1,1,40000.0,6.0
1,1,41000.0,4.0
1,1,42000.0,6.0
1,1,43000.0,6.0
1,1,44000.0,6.0
1,1,45000.0,6.0
1,1,46000.0,5.0
1,1,47000.0,5.0
1,1,48000.0,5.0
1,1,49000.0,5.0
1,1,50000.0,5.0
1,2,1000.0,3.0
1,2,2000.0,7.0
1,2,3000.0,8.0
1,2,4000.0,6.0
1,2,5000.0,6.0
1,2,6000.0,6.0
1,2,7000.0,6.0
1,2,8000.0,6.0
1,2,9000.0,6.0
1,2,10000.0,7.0
1,2,11000.0,7.0
1,2,12000.0,6.0
1,2,13000.0,6.0
1,2,14000.0,6.0
1,2,15000.0,6.0
1,2,16000.0,6.0
1,2,17000.0,6.0
1,2,18000.0,6.0
1,2,19000.0,6.0
1,2,20000.0,6.0
1,2,21000.0,6.0
1,2,22000.0,6.0
1,2,23000.0,6.0
1,2,24000.0,6.0
1,2,25000.0,6.0
1,2,26000.0,6.0
1,2,27000.0,6.0
1,2,28000.0,5.0
1,2,29000.0,5.0
1,2,30000.0,5.0
1,2,31000.0,5.0
1,2,32000.0,5.0
1,2,33000.0,5.0
1,2,34000.0,5.0
1,2,35000.0,5.0
1,2,36000.0,5.0
1,2,37000.0,5.0
1,2,38000.0,4.0
1,2,39000.0,6.0
1,2,40000.0,6.0
1,2,41000.0,4.0
1,2,42000.0,6.0
1,2,43000.0,6.0
1,2,44000.0,6.0
1,2,45000.0,6.0
1,2,46000.0,5.0
1,2,47000.0,5.0
1,2,48000.0,5.0
1,2,49000.0,5.0
1,2,50000.0,5.0
1,4,1000.0,3.0
1,4,2000.0,7.0
1,4,3000.0,8.0
1,4,4000.0,6.0
1,4,5000.0,6.0
1,4,6000.0,6.0
1,4,7000.0,6.0
1,4,8000.0,6.0
1,4,9000.0,6.0
1,4,10000.0,7.0
1,4,11000.0,7.0
1,4,12000.0,6.0
1,4,13000.0,6.0
1,4,14000.0,6.0
1,4,15000.0,6.0
1,4,16000.0,6.0
1,4,17000.0,6.0
1,4,18000.0,6.0
1,4,19000.0,6.0
1,4,20000.0,6.0
1,4,21000.0,6.0
1,4,22000.0,6.0
1,4,23000.0,6.0
1,4,24000.0,6.0
1,4,25000.0,6.0
1,4,26000.0,6.0
1,4,27000.0,6.0
1,4,28000.0,5.0
1,4,29000.0,5.0
1,4,30000.0,5.0
1,4,31000.0,5.0
1,4,32000.0,5.0
1,4,33000.0,5.0
1,4,34000.0,5.0
1,4,35000.0,5.0
1,4,36000.0,5.0
1,4,37000.0,5.0
1,4,38000.0,4.0
1,4,39000.0,6.0
1,4,40000.0,6.0
1,4,41000.0,4.0
1,4,42000.0,6.0
1,4,43000.0,6.0
1,4,44000.0,6.0
1,4,45000.0,6.0
1,4,46000.0,5.0
1,4,47000.0,5.0
1,4,48000.0,5.0
1,4,49000.0,5.0
1,4,50000.0,5.0
1,5,1000.0,3.0
1,5,2000.0,7.0
1,5,3000.0,8.0
1,5,4000.0,6.0
1,5,5000.0,6.0
1,5,6000.0,6.0
1,5,7000.0,6.0
1,5,8000.0,6.0
1,5,9000.0,6.0
1,5,10000.0,7.0
1,5,11000.0,7.0
1,5,12000.0,6.0
1,5,13000.0,6.0
1,5,14000.0,6.0
1,5,15000.0,6.0
1,5,16000.0,6.0
1,5,17000.0,6.0
1,5,18000.0,6.0
1,5,19000.0,6.0
1,5,20000.0,6.0
1,5,21000.0,6.0
1,5,22000.0,6.0
1,5,23000.0,6.0
1,5,24000.0,6.0
1,5,25000.0,6.0
1,5,26000.0,6.0
1,5,27000.0,6.0
1,5,28000.0,5.0
1,5,29000.0,5.0
1,5,30000.0,5.0
1,5,31000.0,5.0
1,5,32000.0,5.0
1,5,33000.0,5.0
1,5,34000.0,5.0
1,5,35000.0,5.0
1,5,36000.0,5.0
1,5,37000.0,5.0
1,5,38000.0,4.0
1,5,39000.0,6.0
1,5,40000.0,6.0
1,5,41000.0,4.0
1,5,42000.0,6.0
1,5,43000.0,6.0
1,5,44000.0,6.0
1,5,45000.0,6.0
1,5,46000.0,5.0
1,5,47000.0,5.0
1,5,48000.0,5.0
1,5,49000.0,5.0
1,5,50000.0,5.0
1,6,1000.0,3.0
1,6,2000.0,7.0
1,6,3000.0,8.0
1,6,4000.0,6.0
1,6,5000.0,6.0
1,6,6000.0,6.0
1,6,7000.0,6.0
1,6,8000.0,6.0
1,6,9000.0,6.0
1,6,10000.0,7.0
1,6,11000.0,7.0
1,6,12000.0,6.0
1,6,13000.0,6.0
1,6,14000.0,6.0
1,6,15000.0,6.0
1,6,16000.0,6.0
1,6,17000.0,6.0
1,6,18000.0,6.0
1,6,19000.0,6.0
1,6,20000.0,6.0
1,6,21000.0,6.0
1,6,22000.0,6.0
1,6,23000.0,6.0
1,6,24000.0,6.0
1,6,25000.0,6.0
1,6,26000.0,6.0
1,6,27000.0,6.0
1,6,28000.0,5.0
1,6,29000.0,5.0
1,6,30000.0,5.0
1,6,31000.0,5.0
1,6,32000.0,5.0
1,6,33000.0,5.0
1,6,34000.0,5.0
1,6,35000.0,5.0
1,6,36000.0,5.0
1,6,37000.0,5.0
1,6,38000.0,4.0
1,6,39000.0,6.0
1,6,40000.0,6.0
1,6,41000.0,4.0
1,6,42000.0,6.0
1,6,43000.0,6.0
1,6,44000.0,6.0
1,6,45000.0,6.0
1,6,46000.0,5.0
1,6,47000.0,5.0
1,6,48000.0,5.0
1,6,49000.0,5.0
1,6,50000.0,5.0
1,7,1000.0,3.0
1,7,2000.0,7.0
1,7,3000.0,8.0
1,7,4000.0,6.0
1,7,5000.0,6.0
1,7,6000.0,6.0
1,7,7000.0,6.0
1,7,8000.0,6.0
1,7,9000.0,6.0
1,7,10000.0,7.0
1,7,11000.0,7.0
1,7,12000.0,6.0
1,7,13000.0,6.0
1,7,14000.0,6.0
1,7,15000.0,6.0
1,7,16000.0,6.0
1,7,17000.0,6.0
1,7,18000.0,6.0
1,7,19000.0,6.0
1,7,20000.0,6.0
1,7,21000.0,6.0
1,7,22000.0,6.0
1,7,23000.0,6.0
1,7,24000.0,6.0
1,7,25000.0,6.0
1,7,26000.0,6.0
1,7,27000.0,6.0
1,7,28000.0,5.0
1,7,29000.0,5.0
1,7,30000.0,5.0
1,7,31000.0,5.0
1,7,32000.0,5.0
1,7,33000.0,5.0
1,7,34000.0,5.0
1,7,35000.0,5.0
1,7,36000.0,5.0
1,7,37000.0,5.0
1,7,38000.0,4.0
1,7,39000.0,6.0
1,7,40000.0,6.0
1,7,41000.0,4.0
1,7,42000.0,6.0
1,7,43000.0,6.0
1,7,44000.0,6.0
1,7,45000.0,6.0
1,7,46000.0,5.0
1,7,47000.0,5.0
1,7,48000.0,5.0
1,7,49000.0,5.0
1,7,50000.0,5.0
1,8,1000.0,3.0
1,8,2000.0,7.0
1,8,3000.0,8.0
1,8,4000.0,6.0
1,8,5000.0,6.0
1,8,6000.0,6.0
1,8,7000.0,6.0
1,8,8000.0,6.0
1,8,9000.0,6.0
1,8,10000.0,7.0
1,8,11000.0,7.0
1,8,12000.0,6.0
1,8,13000.0,6.0
1,8,14000.0,6.0
1,8,15000.0,6.0
1,8,16000.0,6.0
1,8,17000.0,6.0
1,8,18000.0,6.0
1,8,19000.0,6.0
1,8,20000.0,6.0
1,8,21000.0,6.0
1,8,22000.0,6.0
1,8,23000.0,6.0
1,8,24000.0,6.0
1,8,25000.0,6.0
1,8,26000.0,6.0
1,8,27000.0,6.0
1,8,28000.0,5.0
1,8,29000.0,5.0
1,8,30000.0,5.0
1,8,31000.0,5.0
1,8,32000.0,5.0
1,8,33000.0,5.0
1,8,34000.0,5.0
1,8,35000.0,5.0
1,8,36000.0,5.0
1,8,37000.0,5.0
1,8,38000.0,4.0
1,8,39000.0,6.0
1,8,40000.0,6.0
1,8,41000.0,4.0
1,8,42000.0,6.0
1,8,43000.0,6.0
1,8,44000.0,6.0
1,8,45000.0,6.0
1,8,46000.0,5.0
1,8,47000.0,5.0
1,8,48000.0,5.0
1,8,49000.0,5.0
1,8,50000.0,5.0
1,9,1000.0,3.0
1,9,2000.0,7.0
1,9,3000.0,8.0
1,9,4000.0,6.0
1,9,5000.0,6.0
1,9,6000.0,6.0
1,9,7000.0,6.0
1,9,8000.0,6.0
1,9,9000.0,6.0
1,9,10000.0,7.0
1,9,11000.0,7.0
1,9,12000.0,6.0
1,9,13000.0,6.0
1,9,14000.0,6.0
1,9,15000.0,6.0
1,9,16000.0,6.0
1,9,17000.0,6.0
1,9,18000.0,6.0
1,9,19000.0,6.0
1,9,20000.0,6.0
1,9,21000.0,6.0
1,9,22000.0,6.0
1,9,23000.0,6.0
1,9,24000.0,6.0
1,9,25000.0,6.0
1,9,26000.0,6.0
1,9,27000.0,6.0
1,9,28000.0,5.0
1,9,29000.0,5.0
1,9,30000.0,5.0
1,9,31000.0,5.0
1,9,32000.0,5.0
1,9,33000.0,5.0
1,9,34000.0,5.0
1,9,35000.0,5.0
1,9,36000.0,5.0
1,9,37000.0,5.0
1,9,38000.0,4.0
1,9,39000.0,6.0
1,9,40000.0,6.0
1,9,41000.0,4.0
1,9,42000.0,6.0
1,9,43000.0,6.0
1,9,44000.0,6.0
1,9,45000.0,6.0
1,9,46000.0,5.0
1,9,47000.0,5.0
1,9,48000.0,5.0
1,9,49000.0,5.0
1,9,50000.0,5.0
2,0,1000.0,4.0
2,0,2000.0,5.0
2,0,3000.0,7.0
2,0,4000.0,5.0
2,0,5000.0,6.0
2,0,6000.0,5.0
2,0,7000.0,5.0
2,0,8000.0,5.0
2,0,9000.0,5.0
2,0,10000.0,4.0
2,0,11000.0,5.0
2,0,12000.0,5.0
2,0,13000.0,5.0
2,0,14000.0,5.0
2,0,15000.0,5.0
2,0,16000.0,5.0
2,0,17000.0,5.0
2,0,18000.0,4.0
2,0,19000.0,4.0
2,0,20000.0,5.0
2,0,21000.0,4.0
2,0,22000.0,4.0
2,0,23000.0,4.0
2,0,24000.0,4.0
2,0,25000.0,4.0
2,0,26000.0,4.0
2,0,27000.0,4.0
2,0,28000.0,4.0
2,0,29000.0,4.0
2,0,30000.0,4.0
2,0,31000.0,4.0
2,0,32000.0,4.0
2,0,33000.0,4.0
2,0,34000.0,4.0
2,0,35000.0,4.0
2,0,36000.0,4.0
2,0,37000.0,4.0
2,0,38000.0,4.0
2,0,39000.0,3.0
2,0,40000.0,3.0
2,0,41000.0,3.0
2,0,42000.0,3.0
2,0,43000.0,3.0
2,0,44000.0,3.0
2,0,45000.0,3.0
2,0,46000.0,3.0
2,0,47000.0,3.0
2,0,48000.0,3.0
2,0,49000.0,3.0
2,0,50000.0,3.0
2,1,1000.0,4.0
2,1,2000.0,5.0
2,1,3000.0,7.0
2,1,4000.0,5.0
2,1,5000.0,6.0
2,1,6000.0,5.0
2,1,7000.0,5.0
2,1,8000.0,5.0
2,1,9000.0,5.0
2,1,10000.0,4.0
2,1,11000.0,5.0
2,1,12000.0,5.0
2,1,13000.0,5.0
2,1,14000.0,5.0
2,1,15000.0,5.0
2,1,16000.0,5.0
2,1,17000.0,5.0
2,1,18000.0,4.0
2,1,19000.0,4.0
2,1,20000.0,5.0
2,1,21000.0,4.0
2,1,22000.0,4.0
2,1,23000.0,4.0
2,1,24000.0,4.0
2,1,25000.0,4.0
2,1,26000.0,4.0
2,1,27000.0,4.0
2,1,28000.0,4.0
2,1,29000.0,4.0
2,1,30000.0,4.0
2,1,31000.0,4.0
2,1,32000.0,4.0
2,1,33000.0,4.0
2,1,34000.0,4.0
2,1,35000.0,4.0
2,1,36000.0,4.0
2,1,37000.0,4.0
2,1,38000.0,4.0
2,1,39000.0,3.0
2,1,40000.0,3.0
2,1,41000.0,3.0
2,1,42000.0,3.0
2,1,43000.0,3.0
2,1,44000.0,3.0
2,1,45000.0,3.0
2,1,46000.0,3.0
2,1,47000.0,3.0
2,1,48000.0,3.0
2,1,49000.0,3.0
2,1,50000.0,3.0
2,2,1000.0,4.0
2,2,2000.0,5.0
2,2,3000.0,7.0
2,2,4000.0,5.0
2,2,5000.0,6.0
2,2,6000.0,5.0
2,2,7000.0,5.0
2,2,8000.0,5.0
2,2,9000.0,5.0
2,2,10000.0,4.0
2,2,11000.0,5.0
2,2,12000.0,5.0
2,2,13000.0,5.0
2,2,14000.0,5.0
2,2,15000.0,5.0
2,2,16000.0,5.0
2,2,17000.0,5.0
2,2,18000.0,4.0
2,2,19000.0,4.0
2,2,20000.0,5.0
2,2,21000.0,4.0
2,2,22000.0,4.0
2,2,23000.0,4.0
2,2,24000.0,4.0
2,2,25000.0,4.0
2,2,26000.0,4.0
2,2,27000.0,4.0
2,2,28000.0,4.0
2,2,29000.0,4.0
2,2,30000.0,4.0
2,2,31000.0,4.0
2,2,32000.0,4.0
2,2,33000.0,4.0
2,2,34000.0,4.0
2,2,35000.0,4.0
2,2,36000.0,4.0
2,2,37000.0,4.0
2,2,38000.0,4.0
2,2,39000.0,3.0
2,2,40000.0,3.0
2,2,41000.0,3.0
2,2,42000.0,3.0
2,2,43000.0,3.0
2,2,44000.0,3.0
2,2,45000.0,3.0
2,2,46000.0,3.0
2,2,47000.0,3.0
2,2,48000.0,3.0
2,2,49000.0,3.0
2,2,50000.0,3.0
2,4,1000.0,4.0
2,4,2000.0,5.0
2,4,3000.0,7.0
2,4,4000.0,5.0
2,4,5000.0,6.0
2,4,6000.0,5.0
2,4,7000.0,5.0
2,4,8000.0,5.0
2,4,9000.0,5.0
2,4,10000.0,4.0
2,4,11000.0,5.0
2,4,12000.0,5.0
2,4,13000.0,5.0
2,4,14000.0,5.0
2,4,15000.0,5.0
2,4,16000.0,5.0
2,4,17000.0,5.0
2,4,18000.0,4.0
2,4,19000.0,4.0
2,4,20000.0,5.0
2,4,21000.0,4.0
2,4,22000.0,4.0
2,4,23000.0,4.0
2,4,24000.0,4.0
2,4,25000.0,4.0
2,4,26000.0,4.0
2,4,27000.0,4.0
2,4,28000.0,4.0
2,4,29000.0,4.0
2,4,30000.0,4.0
2,4,31000.0,4.0
2,4,32000.0,4.0
2,4,33000.0,4.0
2,4,34000.0,4.0
2,4,35000.0,4.0
2,4,36000.0,4.0
2,4,37000.0,4.0
2,4,38000.0,4.0
2,4,39000.0,3.0
2,4,40000.0,3.0
2,4,41000.0,3.0
2,4,42000.0,3.0
2,4,43000.0,3.0
2,4,44000.0,3.0
2,4,45000.0,3.0
2,4,46000.0,3.0
2,4,47000.0,3.0
2,4,48000.0,3.0
2,4,49000.0,3.0
2,4,50000.0,3.0
2,5,1000.0,4.0
2,5,2000.0,5.0
2,5,3000.0,7.0
2,5,4000.0,5.0
2,5,5000.0,6.0
2,5,6000.0,5.0
2,5,7000.0,5.0
2,5,8000.0,5.0
2,5,9000.0,5.0
2,5,10000.0,4.0
2,5,11000.0,5.0
2,5,12000.0,5.0
2,5,13000.0,5.0
2,5,14000.0,5.0
2,5,15000.0,5.0
2,5,16000.0,5.0
2,5,17000.0,5.0
2,5,18000.0,4.0
2,5,19000.0,4.0
2,5,20000.0,5.0
2,5,21000.0,4.0
2,5,22000.0,4.0
2,5,23000.0,4.0
2,5,24000.0,4.0
2,5,25000.0,4.0
2,5,26000.0,4.0
2,5,27000.0,4.0
2,5,28000.0,4.0
2,5,29000.0,4.0
2,5,30000.0,4.0
2,5,31000.0,4.0
2,5,32000.0,4.0
2,5,33000.0,4.0
2,5,34000.0,4.0
2,5,35000.0,4.0
2,5,36000.0,4.0
2,5,37000.0,4.0
2,5,38000.0,4.0
2,5,39000.0,3.0
2,5,40000.0,3.0
2,5,41000.0,3.0
2,5,42000.0,3.0
2,5,43000.0,3.0
2,5,44000.0,3.0
2,5,45000.0,3.0
2,5,46000.0,3.0
2,5,47000.0,3.0
2,5,48000.0,3.0
2,5,49000.0,3.0
2,5,50000.0,3.0
2,6,1000.0,4.0
2,6,2000.0,5.0
2,6,3000.0,7.0
2,6,4000.0,5.0
2,6,5000.0,6.0
2,6,6000.0,5.0
2,6,7000.0,5.0
2,6,8000.0,5.0
2,6,9000.0,5.0
2,6,10000.0,4.0
2,6,11000.0,5.0
2,6,12000.0,5.0
2,6,13000.0,5.0
2,6,14000.0,5.0
2,6,15000.0,5.0
2,6,16000.0,5.0
2,6,17000.0,5.0
2,6,18000.0,4.0
2,6,19000.0,4.0
2,6,20000.0,5.0
2,6,21000.0,4.0
2,6,22000.0,4.0
2,6,23000.0,4.0
2,6,24000.0,4.0
2,6,25000.0,4.0
2,6,26000.0,4.0
2,6,27000.0,4.0
2,6,28000.0,4.0
2,6,29000.0,4.0
2,6,30000.0,4.0
2,6,31000.0,4.0
2,6,32000.0,4.0
2,6,33000.0,4.0
2,6,34000.0,4.0
2,6,35000.0,4.0
2,6,36000.0,4.0
2,6,37000.0,4.0
2,6,38000.0,4.0
2,6,39000.0,3.0
2,6,40000.0,3.0
2,6,41000.0,3.0
2,6,42000.0,3.0
2,6,43000.0,3.0
2,6,44000.0,3.0
2,6,45000.0,3.0
2,6,46000.0,3.0
2,6,47000.0,3.0
2,6,48000.0,3.0
2,6,49000.0,3.0
2,6,50000.0,3.0
2,7,1000.0,4.0
2,7,2000.0,5.0
2,7,3000.0,7.0
2,7,4000.0,5.0
2,7,5000.0,6.0
2,7,6000.0,5.0
2,7,7000.0,5.0
2,7,8000.0,5.0
2,7,9000.0,5.0
2,7,10000.0,4.0
2,7,11000.0,5.0
2,7,12000.0,5.0
2,7,13000.0,5.0
2,7,14000.0,5.0
2,7,15000.0,5.0
2,7,16000.0,5.0
2,7,17000.0,5.0
2,7,18000.0,4.0
2,7,19000.0,4.0
2,7,20000.0,5.0
2,7,21000.0,4.0
2,7,22000.0,4.0
2,7,23000.0,4.0
2,7,24000.0,4.0
2,7,25000.0,4.0
2,7,26000.0,4.0
2,7,27000.0,4.0
2,7,28000.0,4.0
2,7,29000.0,4.0
2,7,30000.0,4.0
2,7,31000.0,4.0
2,7,32000.0,4.0
2,7,33000.0,4.0
2,7,34000.0,4.0
2,7,35000.0,4.0
2,7,36000.0,4.0
2,7,37000.0,4.0
2,7,38000.0,4.0
2,7,39000.0,3.0
2,7,40000.0,3.0
2,7,41000.0,3.0
2,7,42000.0,3.0
2,7,43000.0,3.0
2,7,44000.0,3.0
2,7,45000.0,3.0
2,7,46000.0,3.0
2,7,47000.0,3.0
2,7,48000.0,3.0
2,7,49000.0,3.0
2,7,50000.0,3.0
2,8,1000.0,4.0
2,8,2000.0,5.0
2,8,3000.0,7.0
2,8,4000.0,5.0
2,8,5000.0,6.0
2,8,6000.0,5.0
2,8,7000.0,5.0
2,8,8000.0,5.0
2,8,9000.0,5.0
2,8,10000.0,4.0
2,8,11000.0,5.0
2,8,12000.0,5.0
2,8,13000.0,5.0
2,8,14000.0,5.0
2,8,15000.0,5.0
2,8,16000.0,5.0
2,8,17000.0,5.0
2,8,18000.0,4.0
2,8,19000.0,4.0
2,8,20000.0,5.0
2,8,21000.0,4.0
2,8,22000.0,4.0
2,8,23000.0,4.0
2,8,24000.0,4.0
2,8,25000.0,4.0
2,8,26000.0,4.0
2,8,27000.0,4.0
2,8,28000.0,4.0
2,8,29000.0,4.0
2,8,30000.0,4.0
2,8,31000.0,4.0
2,8,32000.0,4.0
2,8,33000.0,4.0
2,8,34000.0,4.0
2,8,35000.0,4.0
2,8,36000.0,4.0
2,8,37000.0,4.0
2,8,38000.0,4.0
2,8,39000.0,3.0
2,8,40000.0,3.0
2,8,41000.0,3.0
2,8,42000.0,3.0
2,8,43000.0,3.0
2,8,44000.0,3.0
2,8,45000.0,3.0
2,8,46000.0,3.0
2,8,47000.0,3.0
2,8,48000.0,3.0
2,8,49000.0,3.0
2,8,50000.0,3.0
2,9,1000.0,4.0
2,9,2000.0,5.0
2,9,3000.0,7.0
2,9,4000.0,5.0
2,9,5000.0,6.0
2,9,6000.0,5.0
2,9,7000.0,5.0
2,9,8000.0,5.0
2,9,9000.0,5.0
2,9,10000.0,4.0
2,9,11000.0,5.0
2,9,12000.0,5.0
2,9,13000.0,5.0
2,9,14000.0,5.0
2,9,15000.0,5.0
2,9,16000.0,5.0
2,9,17000.0,5.0
2,9,18000.0,4.0
2,9,19000.0,4.0
2,9,20000.0,5.0
2,9,21000.0,4.0
2,9,22000.0,4.0
2,9,23000.0,4.0
2,9,24000.0,4.0
2,9,25000.0,4.0
2,9,26000.0,4.0
2,9,27000.0,4.0
2,9,28000.0,4.0
2,9,29000.0,4.0
2,9,30000.0,4.0
2,9,31000.0,4.0
2,9,32000.0,4.0
2,9,33000.0,4.0
2,9,34000.0,4.0
2,9,35000.0,4.0
2,9,36000.0,4.0
2,9,37000.0,4.0
2,9,38000.0,4.0
2,9,39000.0,3.0
2,9,40000.0,3.0
2,9,41000.0,3.0
2,9,42000.0,3.0
2,9,43000.0,3.0
2,9,44000.0,3.0
2,9,45000.0,3.0
2,9,46000.0,3.0
2,9,47000.0,3.0
2,9,48000.0,3.0
2,9,49000.0,3.0
2,9,50000.0,3.0
3,0,1000.0,0.0
3,0,2000.0,6.0
3,0,3000.0,6.0
3,0,4000.0,6.0
3,0,5000.0,5.0
3,0,6000.0,5.0
3,0,7000.0,5.0
3,0,8000.0,5.0
3,0,9000.0,5.0
3,0,10000.0,5.0
3,0,11000.0,5.0
3,0,12000.0,5.0
3,0,13000.0,5.0
3,0,14000.0,4.0
3,0,15000.0,4.0
3,0,16000.0,4.0
3,0,17000.0,4.0
3,0,18000.0,4.0
3,0,19000.0,4.0
3,0,20000.0,4.0
3,0,21000.0,4.0
3,0,22000.0,4.0
3,0,23000.0,4.0
3,0,24000.0,4.0
3,0,25000.0,4.0
3,0,26000.0,4.0
3,0,27000.0,4.0
3,0,28000.0,4.0
3,0,29000.0,4.0
3,0,30000.0,4.0
3,0,31000.0,4.0
3,0,32000.0,4.0
3,0,33000.0,4.0
3,0,34000.0,4.0
3,0,35000.0,4.0
3,0,36000.0,5.0
3,0,37000.0,5.0
3,0,38000.0,4.0
3,0,39000.0,4.0
3,0,40000.0,4.0
3,0,41000.0,4.0
3,0,42000.0,4.0
3,0,43000.0,4.0
3,0,44000.0,4.0
3,0,45000.0,4.0
3,0,46000.0,4.0
3,0,47000.0,4.0
3,0,48000.0,4.0
3,0,49000.0,4.0
3,0,50000.0,4.0
3,1,1000.0,0.0
3,1,2000.0,6.0
3,1,3000.0,6.0
3,1,4000.0,6.0
3,1,5000.0,5.0
3,1,6000.0,5.0
3,1,7000.0,5.0
3,1,8000.0,5.0
3,1,9000.0,5.0
3,1,10000.0,5.0
3,1,11000.0,5.0
3,1,12000.0,5.0
3,1,13000.0,5.0
3,1,14000.0,4.0
3,1,15000.0,4.0
3,1,16000.0,4.0
3,1,17000.0,4.0
3,1,18000.0,4.0
3,1,19000.0,4.0
3,1,20000.0,4.0
3,1,21000.0,4.0
3,1,22000.0,4.0
3,1,23000.0,4.0
3,1,24000.0,4.0
3,1,25000.0,4.0
3,1,26000.0,4.0
3,1,27000.0,4.0
3,1,28000.0,4.0
3,1,29000.0,4.0
3,1,30000.0,4.0
3,1,31000.0,4.0
3,1,32000.0,4.0
3,1,33000.0,4.0
3,1,34000.0,4.0
3,1,35000.0,4.0
3,1,36000.0,5.0
3,1,37000.0,5.0
3,1,38000.0,4.0
3,1,39000.0,4.0
3,1,40000.0,4.0
3,1,41000.0,4.0
3,1,42000.0,4.0
3,1,43000.0,4.0
3,1,44000.0,4.0
3,1,45000.0,4.0
3,1,46000.0,4.0
3,1,47000.0,4.0
3,1,48000.0,4.0
3,1,49000.0,4.0
3,1,50000.0,4.0
3,2,1000.0,0.0
3,2,2000.0,6.0
3,2,3000.0,6.0
3,2,4000.0,6.0
3,2,5000.0,5.0
3,2,6000.0,5.0
3,2,7000.0,5.0
3,2,8000.0,5.0
3,2,9000.0,5.0
3,2,10000.0,5.0
3,2,11000.0,5.0
3,2,12000.0,5.0
3,2,13000.0,5.0
3,2,14000.0,4.0
3,2,15000.0,4.0
3,2,16000.0,4.0
3,2,17000.0,4.0
3,2,18000.0,4.0
3,2,19000.0,4.0
3,2,20000.0,4.0
3,2,21000.0,4.0
3,2,22000.0,4.0
3,2,23000.0,4.0
3,2,24000.0,4.0
3,2,25000.0,4.0
3,2,26000.0,4.0
3,2,27000.0,4.0
3,2,28000.0,4.0
3,2,29000.0,4.0
3,2,30000.0,4.0
3,2,31000.0,4.0
3,2,32000.0,4.0
3,2,33000.0,4.0
3,2,34000.0,4.0
3,2,35000.0,4.0
3,2,36000.0,5.0
3,2,37000.0,5.0
3,2,38000.0,4.0
3,2,39000.0,4.0
3,2,40000.0,4.0
3,2,41000.0,4.0
3,2,42000.0,4.0
3,2,43000.0,4.0
3,2,44000.0,4.0
3,2,45000.0,4.0
3,2,46000.0,4.0
3,2,47000.0,4.0
3,2,48000.0,4.0
3,2,49000.0,4.0
3,2,50000.0,4.0
3,4,1000.0,0.0
3,4,2000.0,6.0
3,4,3000.0,6.0
3,4,4000.0,6.0
3,4,5000.0,5.0
3,4,6000.0,5.0
3,4,7000.0,5.0
3,4,8000.0,5.0
3,4,9000.0,5.0
3,4,10000.0,5.0
3,4,11000.0,5.0
3,4,12000.0,5.0
3,4,13000.0,5.0
3,4,14000.0,4.0
3,4,15000.0,4.0
3,4,16000.0,4.0
3,4,17000.0,4.0
3,4,18000.0,4.0
3,4,19000.0,4.0
3,4,20000.0,4.0
3,4,21000.0,4.0
3,4,22000.0,4.0
3,4,23000.0,4.0
3,4,24000.0,4.0
3,4,25000.0,4.0
3,4,26000.0,4.0
3,4,27000.0,4.0
3,4,28000.0,4.0
3,4,29000.0,4.0
3,4,30000.0,4.0
3,4,31000.0,4.0
3,4,32000.0,4.0
3,4,33000.0,4.0
3,4,34000.0,4.0
3,4,35000.0,4.0
3,4,36000.0,5.0
3,4,37000.0,5.0
3,4,38000.0,4.0
3,4,39000.0,4.0
3,4,40000.0,4.0
3,4,41000.0,4.0
3,4,42000.0,4.0
3,4,43000.0,4.0
3,4,44000.0,4.0
3,4,45000.0,4.0
3,4,46000.0,4.0
3,4,47000.0,4.0
3,4,48000.0,4.0
3,4,49000.0,4.0
3,4,50000.0,4.0
3,5,1000.0,0.0
3,5,2000.0,6.0
3,5,3000.0,6.0
3,5,4000.0,6.0
3,5,5000.0,5.0
3,5,6000.0,5.0
3,5,7000.0,5.0
3,5,8000.0,5.0
3,5,9000.0,5.0
3,5,10000.0,5.0
3,5,11000.0,5.0
3,5,12000.0,5.0
3,5,13000.0,5.0
3,5,14000.0,4.0
3,5,15000.0,4.0
3,5,16000.0,4.0
3,5,17000.0,4.0
3,5,18000.0,4.0
3,5,19000.0,4.0
3,5,20000.0,4.0
3,5,21000.0,4.0
3,5,22000.0,4.0
3,5,23000.0,4.0
3,5,24000.0,4.0
3,5,25000.0,4.0
3,5,26000.0,4.0
3,5,27000.0,4.0
3,5,28000.0,4.0
3,5,29000.0,4.0
3,5,30000.0,4.0
3,5,31000.0,4.0
3,5,32000.0,4.0
3,5,33000.0,4.0
3,5,34000.0,4.0
3,5,35000.0,4.0
3,5,36000.0,5.0
3,5,37000.0,5.0
3,5,38000.0,4.0
3,5,39000.0,4.0
3,5,40000.0,4.0
3,5,41000.0,4.0
3,5,42000.0,4.0
3,5,43000.0,4.0
3,5,44000.0,4.0
3,5,45000.0,4.0
3,5,46000.0,4.0
3,5,47000.0,4.0
3,5,48000.0,4.0
3,5,49000.0,4.0
3,5,50000.0,4.0
3,6,1000.0,0.0
3,6,2000.0,6.0
3,6,3000.0,6.0
3,6,4000.0,6.0
3,6,5000.0,5.0
3,6,6000.0,5.0
3,6,7000.0,5.0
3,6,8000.0,5.0
3,6,9000.0,5.0
3,6,10000.0,5.0
3,6,11000.0,5.0
3,6,12000.0,5.0
3,6,13000.0,5.0
3,6,14000.0,4.0
3,6,15000.0,4.0
3,6,16000.0,4.0
3,6,17000.0,4.0
3,6,18000.0,4.0
3,6,19000.0,4.0
3,6,20000.0,4.0
3,6,21000.0,4.0
3,6,22000.0,4.0
3,6,23000.0,4.0
3,6,24000.0,4.0
3,6,25000.0,4.0
3,6,26000.0,4.0
3,6,27000.0,4.0
3,6,28000.0,4.0
3,6,29000.0,4.0
3,6,30000.0,4.0
3,6,31000.0,4.0
3,6,32000.0,4.0
3,6,33000.0,4.0
3,6,34000.0,4.0
3,6,35000.0,4.0
3,6,36000.0,5.0
3,6,37000.0,5.0
3,6,38000.0,4.0
3,6,39000.0,4.0
3,6,40000.0,4.0
3,6,41000.0,4.0
3,6,42000.0,4.0
3,6,43000.0,4.0
3,6,44000.0,4.0
3,6,45000.0,4.0
3,6,46000.0,4.0
3,6,47000.0,4.0
3,6,48000.0,4.0
3,6,49000.0,4.0
3,6,50000.0,4.0
3,7,1000.0,0.0
3,7,2000.0,6.0
3,7,3000.0,6.0
3,7,4000.0,6.0
3,7,5000.0,5.0
3,7,6000.0,5.0
3,7,7000.0,5.0
3,7,8000.0,5.0
3,7,9000.0,5.0
3,7,10000.0,5.0
3,7,11000.0,5.0
3,7,12000.0,5.0
3,7,13000.0,5.0
3,7,14000.0,4.0
3,7,15000.0,4.0
3,7,16000.0,4.0
3,7,17000.0,4.0
3,7,18000.0,4.0
3,7,19000.0,4.0
3,7,20000.0,4.0
3,7,21000.0,4.0
3,7,22000.0,4.0
3,7,23000.0,4.0
3,7,24000.0,4.0
3,7,25000.0,4.0
3,7,26000.0,4.0
3,7,27000.0,4.0
3,7,28000.0,4.0
3,7,29000.0,4.0
3,7,30000.0,4.0
3,7,31000.0,4.0
3,7,32000.0,4.0
3,7,33000.0,4.0
3,7,34000.0,4.0
3,7,35000.0,4.0
3,7,36000.0,5.0
3,7,37000.0,5.0
3,7,38000.0,4.0
3,7,39000.0,4.0
3,7,40000.0,4.0
3,7,41000.0,4.0
3,7,42000.0,4.0
3,7,43000.0,4.0
3,7,44000.0,4.0
3,7,45000.0,4.0
3,7,46000.0,4.0
3,7,47000.0,4.0
3,7,48000.0,4.0
3,7,49000.0,4.0
3,7,50000.0,4.0
3,8,1000.0,0.0
3,8,2000.0,6.0
3,8,3000.0,6.0
3,8,4000.0,6.0
3,8,5000.0,5.0
3,8,6000.0,5.0
3,8,7000.0,5.0
3,8,8000.0,5.0
3,8,9000.0,5.0
3,8,10000.0,5.0
3,8,11000.0,5.0
3,8,12000.0,5.0
3,8,13000.0,5.0
3,8,14000.0,4.0
3,8,15000.0,4.0
3,8,16000.0,4.0
3,8,17000.0,4.0
3,8,18000.0,4.0
3,8,19000.0,4.0
3,8,20000.0,4.0
3,8,21000.0,4.0
3,8,22000.0,4.0
3,8,23000.0,4.0
3,8,24000.0,4.0
3,8,25000.0,4.0
3,8,26000.0,4.0
3,8,27000.0,4.0
3,8,28000.0,4.0
3,8,29000.0,4.0
3,8,30000.0,4.0
3,8,31000.0,4.0
3,8,32000.0,4.0
3,8,33000.0,4.0
3,8,34000.0,4.0
3,8,35000.0,4.0
3,8,36000.0,5.0
3,8,37000.0,5.0
3,8,38000.0,4.0
3,8,39000.0,4.0
3,8,40000.0,4.0
3,8,41000.0,4.0
3,8,42000.0,4.0
3,8,43000.0,4.0
3,8,44000.0,4.0
3,8,45000.0,4.0
3,8,46000.0,4.0
3,8,47000.0,4.0
3,8,48000.0,4.0
3,8,49000.0,4.0
3,8,50000.0,4.0
3,9,1000.0,0.0
3,9,2000.0,6.0
3,9,3000.0,6.0
3,9,4000.0,6.0
3,9,5000.0,5.0
3,9,6000.0,5.0
3,9,7000.0,5.0
3,9,8000.0,5.0
3,9,9000.0,5.0
3,9,10000.0,5.0
3,9,11000.0,5.0
3,9,12000.0,5.0
3,9,13000.0,5.0
3,9,14000.0,4.0
3,9,15000.0,4.0
3,9,16000.0,4.0
3,9,17000.0,4.0
3,9,18000.0,4.0
3,9,19000.0,4.0
3,9,20000.0,4.0
3,9,21000.0,4.0
3,9,22000.0,4.0
3,9,23000.0,4.0
3,9,24000.0,4.0
3,9,25000.0,4.0
3,9,26000.0,4.0
3,9,27000.0,4.0
3,9,28000.0,4.0
3,9,29000.0,4.0
3,9,30000.0,4.0
3,9,31000.0,4.0
3,9,32000.0,4.0
3,9,33000.0,4.0
3,9,34000.0,4.0
3,9,35000.0,4.0
3,9,36000.0,5.0
3,9,37000.0,5.0
3,9,38000.0,4.0
3,9,39000.0,4.0
3,9,40000.0,4.0
3,9,41000.0,4.0
3,9,42000.0,4.0
3,9,43000.0,4.0
3,9,44000.0,4.0
3,9,45000.0,4.0
3,9,46000.0,4.0
3,9,47000.0,4.0
3,9,48000.0,4.0
3,9,49000.0,4.0
3,9,50000.0,4.0
4,0,1000.0,5.0
4,0,2000.0,6.0
4,0,3000.0,7.0
4,0,4000.0,6.0
4,0,5000.0,6.0
4,0,6000.0,6.0
4,0,7000.0,6.0
4,0,8000.0,6.0
4,0,9000.0,6.0
4,0,10000.0,5.0
4,0,11000.0,5.0
4,0,12000.0,5.0
4,0,13000.0,5.0
4,0,14000.0,5.0
4,0,15000.0,5.0
4,0,16000.0,5.0
4,0,17000.0,5.0
4,0,18000.0,5.0
4,0,19000.0,5.0
4,0,20000.0,5.0
4,0,21000.0,5.0
4,0,22000.0,5.0
4,0,23000.0,5.0
4,0,24000.0,5.0
4,0,25000.0,4.0
4,0,26000.0,4.0
4,0,27000.0,4.0
4,0,28000.0,4.0
4,0,29000.0,4.0
4,0,30000.0,4.0
4,0,31000.0,4.0
4,0,32000.0,3.0
4,0,33000.0,3.0
4,0,34000.0,3.0
4,0,35000.0,3.0
4,0,36000.0,3.0
4,0,37000.0,3.0
4,0,38000.0,3.0
4,0,39000.0,3.0
4,0,40000.0,3.0
4,0,41000.0,3.0
4,0,42000.0,3.0
4,0,43000.0,2.0
4,0,44000.0,4.0
4,0,45000.0,4.0
4,0,46000.0,4.0
4,0,47000.0,3.0
4,0,48000.0,3.0
4,0,49000.0,3.0
4,0,50000.0,4.0
4,1,1000.0,5.0
4,1,2000.0,6.0
4,1,3000.0,7.0
4,1,4000.0,6.0
4,1,5000.0,6.0
4,1,6000.0,6.0
4,1,7000.0,6.0
4,1,8000.0,6.0
4,1,9000.0,6.0
4,1,10000.0,5.0
4,1,11000.0,5.0
4,1,12000.0,5.0
4,1,13000.0,5.0
4,1,14000.0,5.0
4,1,15000.0,5.0
4,1,16000.0,5.0
4,1,17000.0,5.0
4,1,18000.0,5.0
4,1,19000.0,5.0
4,1,20000.0,5.0
4,1,21000.0,5.0
4,1,22000.0,5.0
4,1,23000.0,5.0
4,1,24000.0,5.0
4,1,25000.0,4.0
4,1,26000.0,4.0
4,1,27000.0,4.0
4,1,28000.0,4.0
4,1,29000.0,4.0
4,1,30000.0,4.0
4,1,31000.0,4.0
4,1,32000.0,3.0
4,1,33000.0,3.0
4,1,34000.0,3.0
4,1,35000.0,3.0
4,1,36000.0,3.0
4,1,37000.0,3.0
4,1,38000.0,3.0
4,1,39000.0,3.0
4,1,40000.0,3.0
4,1,41000.0,3.0
4,1,42000.0,3.0
4,1,43000.0,2.0
4,1,44000.0,4.0
4,1,45000.0,4.0
4,1,46000.0,4.0
4,1,47000.0,3.0
4,1,48000.0,3.0
4,1,49000.0,3.0
4,1,50000.0,4.0
4,2,1000.0,5.0
4,2,2000.0,6.0
4,2,3000.0,7.0
4,2,4000.0,6.0
4,2,5000.0,6.0
4,2,6000.0,6.0
4,2,7000.0,6.0
4,2,8000.0,6.0
4,2,9000.0,6.0
4,2,10000.0,5.0
4,2,11000.0,5.0
4,2,12000.0,5.0
4,2,13000.0,5.0
4,2,14000.0,5.0
4,2,15000.0,5.0
4,2,16000.0,5.0
4,2,17000.0,5.0
4,2,18000.0,5.0
4,2,19000.0,5.0
4,2,20000.0,5.0
4,2,21000.0,5.0
4,2,22000.0,5.0
4,2,23000.0,5.0
4,2,24000.0,5.0
4,2,25000.0,4.0
4,2,26000.0,4.0
4,2,27000.0,4.0
4,2,28000.0,4.0
4,2,29000.0,4.0
4,2,30000.0,4.0
4,2,31000.0,4.0
4,2,32000.0,3.0
4,2,33000.0,3.0
4,2,34000.0,3.0
4,2,35000.0,3.0
4,2,36000.0,3.0
4,2,37000.0,3.0
4,2,38000.0,3.0
4,2,39000.0,3.0
4,2,40000.0,3.0
4,2,41000.0,3.0
4,2,42000.0,3.0
4,2,43000.0,2.0
4,2,44000.0,4.0
4,2,45000.0,4.0
4,2,46000.0,4.0
4,2,47000.0,3.0
4,2,48000.0,3.0
4,2,49000.0,3.0
4,2,50000.0,4.0
4,4,1000.0,5.0
4,4,2000.0,6.0
4,4,3000.0,7.0
4,4,4000.0,6.0
4,4,5000.0,6.0
4,4,6000.0,6.0
4,4,7000.0,6.0
4,4,8000.0,6.0
4,4,9000.0,6.0
4,4,10000.0,5.0
4,4,11000.0,5.0
4,4,12000.0,5.0
4,4,13000.0,5.0
4,4,14000.0,5.0
4,4,15000.0,5.0
4,4,16000.0,5.0
4,4,17000.0,5.0
4,4,18000.0,5.0
4,4,19000.0,5.0
4,4,20000.0,5.0
4,4,21000.0,5.0
4,4,22000.0,5.0
4,4,23000.0,5.0
4,4,24000.0,5.0
4,4,25000.0,4.0
4,4,26000.0,4.0
4,4,27000.0,4.0
4,4,28000.0,4.0
4,4,29000.0,4.0
4,4,30000.0,4.0
4,4,31000.0,4.0
4,4,32000.0,3.0
4,4,33000.0,3.0
4,4,34000.0,3.0
4,4,35000.0,3.0
4,4,36000.0,3.0
4,4,37000.0,3.0
4,4,38000.0,3.0
4,4,39000.0,3.0
4,4,40000.0,3.0
4,4,41000.0,3.0
4,4,42000.0,3.0
4,4,43000.0,2.0
4,4,44000.0,4.0
4,4,45000.0,4.0
4,4,46000.0,4.0
4,4,47000.0,3.0
4,4,48000.0,3.0
4,4,49000.0,3.0
4,4,50000.0,4.0
4,5,1000.0,5.0
4,5,2000.0,6.0
4,5,3000.0,7.0
4,5,4000.0,6.0
4,5,5000.0,6.0
4,5,6000.0,6.0
4,5,7000.0,6.0
4,5,8000.0,6.0
4,5,9000.0,6.0
4,5,10000.0,5.0
4,5,11000.0,5.0
4,5,12000.0,5.0
4,5,13000.0,5.0
4,5,14000.0,5.0
4,5,15000.0,5.0
4,5,16000.0,5.0
4,5,17000.0,5.0
4,5,18000.0,5.0
4,5,19000.0,5.0
4,5,20000.0,5.0
4,5,21000.0,5.0
4,5,22000.0,5.0
4,5,23000.0,5.0
4,5,24000.0,5.0
4,5,25000.0,4.0
4,5,26000.0,4.0
4,5,27000.0,4.0
4,5,28000.0,4.0
4,5,29000.0,4.0
4,5,30000.0,4.0
4,5,31000.0,4.0
4,5,32000.0,3.0
4,5,33000.0,3.0
4,5,34000.0,3.0
4,5,35000.0,3.0
4,5,36000.0,3.0
4,5,37000.0,3.0
4,5,38000.0,3.0
4,5,39000.0,3.0
4,5,40000.0,3.0
4,5,41000.0,3.0
4,5,42000.0,3.0
4,5,43000.0,2.0
4,5,44000.0,4.0
4,5,45000.0,4.0
4,5,46000.0,4.0
4,5,47000.0,3.0
4,5,48000.0,3.0
4,5,49000.0,3.0
4,5,50000.0,4.0
4,6,1000.0,5.0
4,6,2000.0,6.0
4,6,3000.0,7.0
4,6,4000.0,6.0
4,6,5000.0,6.0
4,6,6000.0,6.0
4,6,7000.0,6.0
4,6,8000.0,6.0
4,6,9000.0,6.0
4,6,10000.0,5.0
4,6,11000.0,5.0
4,6,12000.0,5.0
4,6,13000.0,5.0
4,6,14000.0,5.0
4,6,15000.0,5.0
4,6,16000.0,5.0
4,6,17000.0,5.0
4,6,18000.0,5.0
4,6,19000.0,5.0
4,6,20000.0,5.0
4,6,21000.0,5.0
4,6,22000.0,5.0
4,6,23000.0,5.0
4,6,24000.0,5.0
4,6,25000.0,4.0
4,6,26000.0,4.0
4,6,27000.0,4.0
4,6,28000.0,4.0
4,6,29000.0,4.0
4,6,30000.0,4.0
4,6,31000.0,4.0
4,6,32000.0,3.0
4,6,33000.0,3.0
4,6,34000.0,3.0
4,6,35000.0,3.0
4,6,36000.0,3.0
4,6,37000.0,3.0
4,6,38000.0,3.0
4,6,39000.0,3.0
4,6,40000.0,3.0
4,6,41000.0,3.0
4,6,42000.0,3.0
4,6,43000.0,2.0
4,6,44000.0,4.0
4,6,45000.0,4.0
4,6,46000.0,4.0
4,6,47000.0,3.0
4,6,48000.0,3.0
4,6,49000.0,3.0
4,6,50000.0,4.0
4,7,1000.0,5.0
4,7,2000.0,6.0
4,7,3000.0,7.0
4,7,4000.0,6.0
4,7,5000.0,6.0
4,7,6000.0,6.0
4,7,7000.0,6.0
4,7,8000.0,6.0
4,7,9000.0,6.0
4,7,10000.0,5.0
4,7,11000.0,5.0
4,7,12000.0,5.0
4,7,13000.0,5.0
4,7,14000.0,5.0
4,7,15000.0,5.0
4,7,16000.0,5.0
4,7,17000.0,5.0
4,7,18000.0,5.0
4,7,19000.0,5.0
4,7,20000.0,5.0
4,7,21000.0,5.0
4,7,22000.0,5.0
4,7,23000.0,5.0
4,7,24000.0,5.0
4,7,25000.0,4.0
4,7,26000.0,4.0
4,7,27000.0,4.0
4,7,28000.0,4.0
4,7,29000.0,4.0
4,7,30000.0,4.0
4,7,31000.0,4.0
4,7,32000.0,3.0
4,7,33000.0,3.0
4,7,34000.0,3.0
4,7,35000.0,3.0
4,7,36000.0,3.0
4,7,37000.0,3.0
4,7,38000.0,3.0
4,7,39000.0,3.0
4,7,40000.0,3.0
4,7,41000.0,3.0
4,7,42000.0,3.0
4,7,43000.0,2.0
4,7,44000.0,4.0
4,7,45000.0,4.0
4,7,46000.0,4.0
4,7,47000.0,3.0
4,7,48000.0,3.0
4,7,49000.0,3.0
4,7,50000.0,4.0
4,8,1000.0,5.0
4,8,2000.0,6.0
4,8,3000.0,7.0
4,8,4000.0,6.0
4,8,5000.0,6.0
4,8,6000.0,6.0
4,8,7000.0,6.0
4,8,8000.0,6.0
4,8,9000.0,6.0
4,8,10000.0,5.0
4,8,11000.0,5.0
4,8,12000.0,5.0
4,8,13000.0,5.0
4,8,14000.0,5.0
4,8,15000.0,5.0
4,8,16000.0,5.0
4,8,17000.0,5.0
4,8,18000.0,5.0
4,8,19000.0,5.0
4,8,20000.0,5.0
4,8,21000.0,5.0
4,8,22000.0,5.0
4,8,23000.0,5.0
4,8,24000.0,5.0
4,8,25000.0,4.0
4,8,26000.0,4.0
4,8,27000.0,4.0
4,8,28000.0,4.0
4,8,29000.0,4.0
4,8,30000.0,4.0
4,8,31000.0,4.0
4,8,32000.0,3.0
4,8,33000.0,3.0
4,8,34000.0,3.0
4,8,35000.0,3.0
4,8,36000.0,3.0
4,8,37000.0,3.0
4,8,38000.0,3.0
4,8,39000.0,3.0
4,8,40000.0,3.0
4,8,41000.0,3.0
4,8,42000.0,3.0
4,8,43000.0,2.0
4,8,44000.0,4.0
4,8,45000.0,4.0
4,8,46000.0,4.0
4,8,47000.0,3.0
4,8,48000.0,3.0
4,8,49000.0,3.0
4,8,50000.0,4.0
4,9,1000.0,5.0
4,9,2000.0,6.0
4,9,3000.0,7.0
4,9,4000.0,6.0
4,9,5000.0,6.0
4,9,6000.0,6.0
4,9,7000.0,6.0
4,9,8000.0,6.0
4,9,9000.0,6.0
4,9,10000.0,5.0
4,9,11000.0,5.0
4,9,12000.0,5.0
4,9,13000.0,5.0
4,9,14000.0,5.0
4,9,15000.0,5.0
4,9,16000.0,5.0
4,9,17000.0,5.0
4,9,18000.0,5.0
4,9,19000.0,5.0
4,9,20000.0,5.0
4,9,21000.0,5.0
4,9,22000.0,5.0
4,9,23000.0,5.0
4,9,24000.0,5.0
4,9,25000.0,4.0
4,9,26000.0,4.0
4,9,27000.0,4.0
4,9,28000.0,4.0
4,9,29000.0,4.0
4,9,30000.0,4.0
4,9,31000.0,4.0
4,9,32000.0,3.0
4,9,33000.0,3.0
4,9,34000.0,3.0
4,9,35000.0,3.0
4,9,36000.0,3.0
4,9,37000.0,3.0
4,9,38000.0,3.0
4,9,39000.0,3.0
4,9,40000.0,3.0
4,9,41000.0,3.0
4,9,42000.0,3.0
4,9,43000.0,2.0
4,9,44000.0,4.0
4,9,45000.0,4.0
4,9,46000.0,4.0
4,9,47000.0,3.0
4,9,48000.0,3.0
4,9,49000.0,3.0
4,9,50000.0,4.0
