rep,host,t,delay_sec
0,0,5000.0,0.059192869744
0,0,6000.0,0.059192869744
0,0,7000.0,0.059192869744
0,0,8000.0,
0,0,9000.0,0.008230867491
0,0,10000.0,0.008230867491
0,0,11000.0,0.008230867491
0,0,12000.0,
0,0,13000.0,
0,0,14000.0,
0,0,15000.0,
0,0,16000.0,
0,0,17000.0,
0,0,18000.0,
0,0,19000.0,
0,0,20000.0,
0,0,21000.0,
0,0,22000.0,9.015391602324
0,0,23000.0,9.015391602324
0,0,24000.0,9.015391602324
0,0,25000.0,0.007850392479
0,0,26000.0,0.007850392479
0,0,27000.0,0.007850392479
0,0,28000.0,
0,0,29000.0,
0,0,30000.0,0.038362098996
0,0,31000.0,0.038362098996
0,0,32000.0,0.038362098996
0,0,33000.0,
0,0,34000.0,0.008230807173
0,0,35000.0,0.008230807173
0,0,36000.0,0.008230807173
0,0,37000.0,
0,0,38000.0,
0,0,39000.0,0.043613175233
0,0,40000.0,0.043613175233
0,0,41000.0,0.043613175233
0,0,42000.0,
0,0,43000.0,
0,0,44000.0,
0,0,45000.0,
0,0,46000.0,
0,0,47000.0,
0,0,48000.0,
0,0,49000.0,0.035771166084
0,0,50000.0,0.035771166084
0,1,5000.0,0.031161731605
0,1,6000.0,0.031161731605
0,1,7000.0,0.031161731605
0,1,8000.0,
0,1,9000.0,0.035268762353
0,1,10000.0,0.035268762353
0,1,11000.0,0.035268762353
0,1,12000.0,
0,1,13000.0,0.032847095664
0,1,14000.0,0.032847095664
0,1,15000.0,0.032847095664
0,1,16000.0,
0,1,17000.0,
0,1,18000.0,
0,1,19000.0,
0,1,20000.0,0.113340413206
0,1,21000.0,0.113340413206
0,1,22000.0,0.113340413206
0,1,23000.0,
0,1,24000.0,
0,1,25000.0,
0,1,26000.0,
0,1,27000.0,
0,1,28000.0,
0,1,29000.0,
0,1,30000.0,
0,1,31000.0,
0,1,32000.0,
0,1,33000.0,
0,1,34000.0,
0,1,35000.0,
0,1,36000.0,
0,1,37000.0,
0,1,38000.0,
0,1,39000.0,0.029409657672
0,1,40000.0,0.029409657672
0,1,41000.0,0.029409657672
0,1,42000.0,
0,1,43000.0,
0,1,44000.0,
0,1,45000.0,
0,1,46000.0,
0,1,47000.0,0.180153576375
0,1,48000.0,0.180153576375
0,1,49000.0,0.180153576375
0,1,50000.0,
0,2,5000.0,
0,2,6000.0,
0,2,7000.0,
0,2,8000.0,
0,2,9000.0,
0,2,10000.0,
0,2,11000.0,9.204018474097
0,2,12000.0,9.204018474097
0,2,13000.0,9.204018474097
0,2,14000.0,0.013601294437
0,2,15000.0,0.013601294437
0,2,16000.0,0.013601294437
0,2,17000.0,
0,2,18000.0,
0,2,19000.0,
0,2,20000.0,
0,2,21000.0,
0,2,22000.0,
0,2,23000.0,
0,2,24000.0,3.006128782238
0,2,25000.0,3.006128782238
0,2,26000.0,3.006128782238
0,2,27000.0,
0,2,28000.0,
0,2,29000.0,0.011950023857
0,2,30000.0,0.011950023857
0,2,31000.0,0.011950023857
0,2,32000.0,
0,2,33000.0,
0,2,34000.0,
0,2,35000.0,
0,2,36000.0,
0,2,37000.0,
0,2,38000.0,
0,2,39000.0,
0,2,40000.0,
0,2,41000.0,
0,2,42000.0,
0,2,43000.0,
0,2,44000.0,
0,2,45000.0,
0,2,46000.0,12.172081118497
0,2,47000.0,12.172081118497
0,2,48000.0,12.172081118497
0,2,49000.0,
0,2,50000.0,0.007992635847
0,4,5000.0,
0,4,6000.0,
0,4,7000.0,
0,4,8000.0,
0,4,9000.0,
0,4,10000.0,
0,4,11000.0,
0,4,12000.0,
0,4,13000.0,
0,4,14000.0,
0,4,15000.0,
0,4,16000.0,
0,4,17000.0,
0,4,18000.0,
0,4,19000.0,
0,4,20000.0,
0,4,21000.0,
0,4,22000.0,
0,4,23000.0,
0,4,24000.0,
0,4,25000.0,
0,4,26000.0,
0,4,27000.0,
0,4,28000.0,
0,4,29000.0,
0,4,30000.0,
0,4,31000.0,
0,4,32000.0,
0,4,33000.0,
0,4,34000.0,
0,4,35000.0,
0,4,36000.0,
0,4,37000.0,
0,4,38000.0,
0,4,39000.0,
0,4,40000.0,
0,4,41000.0,
0,4,42000.0,
0,4,43000.0,
0,4,44000.0,
0,4,45000.0,
0,4,46000.0,
0,4,47000.0,
0,4,48000.0,
0,4,49000.0,
0,4,50000.0,
0,5,5000.0,
0,5,6000.0,
0,5,7000.0,
0,5,8000.0,
0,5,9000.0,
0,5,10000.0,
0,5,11000.0,
0,5,12000.0,
0,5,13000.0,
0,5,14000.0,
0,5,15000.0,
0,5,16000.0,
0,5,17000.0,
0,5,18000.0,
0,5,19000.0,
0,5,20000.0,
0,5,21000.0,
0,5,22000.0,
0,5,23000.0,
0,5,24000.0,
0,5,25000.0,
0,5,26000.0,
0,5,27000.0,
0,5,28000.0,
0,5,29000.0,
0,5,30000.0,
0,5,31000.0,
0,5,32000.0,
0,5,33000.0,
0,5,34000.0,
0,5,35000.0,
0,5,36000.0,
0,5,37000.0,
0,5,38000.0,
0,5,39000.0,
0,5,40000.0,
0,5,41000.0,
0,5,42000.0,
0,5,43000.0,
0,5,44000.0,
0,5,45000.0,
0,5,46000.0,
0,5,47000.0,
0,5,48000.0,
0,5,49000.0,
0,5,50000.0,
0,6,5000.0,0.150501865307
0,6,6000.0,0.150501865307
0,6,7000.0,0.150501865307
0,6,8000.0,
0,6,9000.0,0.126332547723
0,6,10000.0,0.126332547723
0,6,11000.0,0.126332547723
0,6,12000.0,
0,6,13000.0,
0,6,14000.0,
0,6,15000.0,
0,6,16000.0,
0,6,17000.0,
0,6,18000.0,
0,6,19000.0,
0,6,20000.0,
0,6,21000.0,
0,6,22000.0,9.049485820514
0,6,23000.0,9.049485820514
0,6,24000.0,9.049485820514
0,6,25000.0,
0,6,26000.0,
0,6,27000.0,
0,6,28000.0,
0,6,29000.0,
0,6,30000.0,
0,6,31000.0,
0,6,32000.0,
0,6,33000.0,
0,6,34000.0,
0,6,35000.0,
0,6,36000.0,
0,6,37000.0,
0,6,38000.0,
0,6,39000.0,
0,6,40000.0,
0,6,41000.0,
0,6,42000.0,
0,6,43000.0,
0,6,44000.0,
0,6,45000.0,
0,6,46000.0,
0,6,47000.0,
0,6,48000.0,
0,6,49000.0,
0,6,50000.0,
0,7,5000.0,
0,7,6000.0,
0,7,7000.0,
0,7,8000.0,
0,7,9000.0,
0,7,10000.0,
0,7,11000.0,
0,7,12000.0,
0,7,13000.0,
0,7,14000.0,
0,7,15000.0,
0,7,16000.0,
0,7,17000.0,
0,7,18000.0,
0,7,19000.0,
0,7,20000.0,
0,7,21000.0,
0,7,22000.0,
0,7,23000.0,
0,7,24000.0,
0,7,25000.0,
0,7,26000.0,
0,7,27000.0,
0,7,28000.0,
0,7,29000.0,
0,7,30000.0,
0,7,31000.0,
0,7,32000.0,
0,7,33000.0,
0,7,34000.0,
0,7,35000.0,
0,7,36000.0,
0,7,37000.0,
0,7,38000.0,
0,7,39000.0,
0,7,40000.0,
0,7,41000.0,
0,7,42000.0,
0,7,43000.0,
0,7,44000.0,
0,7,45000.0,
0,7,46000.0,
0,7,47000.0,
0,7,48000.0,
0,7,49000.0,
0,7,50000.0,
0,8,5000.0,0.095170574747
0,8,6000.0,0.095170574747
0,8,7000.0,0.095170574747
0,8,8000.0,
0,8,9000.0,
0,8,10000.0,0.030577916586
0,8,11000.0,0.030577916586
0,8,12000.0,0.030577916586
0,8,13000.0,
0,8,14000.0,
0,8,15000.0,
0,8,16000.0,
0,8,17000.0,
0,8,18000.0,0.101714000254
0,8,19000.0,0.101714000254
0,8,20000.0,0.101714000254
0,8,21000.0,
0,8,22000.0,
0,8,23000.0,
0,8,24000.0,0.033029658084
0,8,25000.0,0.033029658084
0,8,26000.0,0.033029658084
0,8,27000.0,
0,8,28000.0,0.022508652182
0,8,29000.0,0.022508652182
0,8,30000.0,0.022508652182
0,8,31000.0,
0,8,32000.0,
0,8,33000.0,
0,8,34000.0,
0,8,35000.0,
0,8,36000.0,
0,8,37000.0,
0,8,38000.0,
0,8,39000.0,
0,8,40000.0,
0,8,41000.0,
0,8,42000.0,
0,8,43000.0,
0,8,44000.0,
0,8,45000.0,
0,8,46000.0,
0,8,47000.0,
0,8,48000.0,
0,8,49000.0,
0,8,50000.0,
0,9,5000.0,
0,9,6000.0,
0,9,7000.0,
0,9,8000.0,
0,9,9000.0,
0,9,10000.0,
0,9,11000.0,
0,9,12000.0,
0,9,13000.0,
0,9,14000.0,
0,9,15000.0,
0,9,16000.0,
0,9,17000.0,
0,9,18000.0,
0,9,19000.0,
0,9,20000.0,
0,9,21000.0,
0,9,22000.0,
0,9,23000.0,
0,9,24000.0,
0,9,25000.0,
0,9,26000.0,
0,9,27000.0,
0,9,28000.0,
0,9,29000.0,
0,9,30000.0,
0,9,31000.0,
0,9,32000.0,
0,9,33000.0,
0,9,34000.0,
0,9,35000.0,
0,9,36000.0,
0,9,37000.0,
0,9,38000.0,
0,9,39000.0,
0,9,40000.0,
0,9,41000.0,
0,9,42000.0,
0,9,43000.0,
0,9,44000.0,
0,9,45000.0,
0,9,46000.0,
0,9,47000.0,24.401743432864
0,9,48000.0,24.401743432864
0,9,49000.0,24.401743432864
0,9,50000.0,
0,10,5000.0,
0,10,6000.0,
0,10,7000.0,0.031852350979
0,10,8000.0,0.031852350979
0,10,9000.0,0.031852350979
0,10,10000.0,
0,10,11000.0,0.110804658695
0,10,12000.0,0.110804658695
0,10,13000.0,0.110804658695
0,10,14000.0,
0,10,15000.0,0.007771491335
0,10,16000.0,0.007771491335
0,10,17000.0,0.007771491335
0,10,18000.0,
0,10,19000.0,0.008710028076
0,10,20000.0,0.008710028076
0,10,21000.0,0.008710028076
0,10,22000.0,
0,10,23000.0,
0,10,24000.0,
0,10,25000.0,
0,10,26000.0,
0,10,27000.0,
0,10,28000.0,
0,10,29000.0,
0,10,30000.0,
0,10,31000.0,0.00815110172
0,10,32000.0,0.00815110172
0,10,33000.0,0.00815110172
0,10,34000.0,0.007632337347
0,10,35000.0,0.007632337347
0,10,36000.0,0.007632337347
0,10,37000.0,
0,10,38000.0,0.017719924936
0,10,39000.0,0.017719924936
0,10,40000.0,0.017719924936
0,10,41000.0,
0,10,42000.0,
0,10,43000.0,
0,10,44000.0,
0,10,45000.0,
0,10,46000.0,
0,10,47000.0,
0,10,48000.0,
0,10,49000.0,
0,10,50000.0,
0,11,5000.0,
0,11,6000.0,
0,11,7000.0,
0,11,8000.0,
0,11,9000.0,
0,11,10000.0,
0,11,11000.0,
0,11,12000.0,
0,11,13000.0,
0,11,14000.0,
0,11,15000.0,
0,11,16000.0,
0,11,17000.0,
0,11,18000.0,
0,11,19000.0,
0,11,20000.0,
0,11,21000.0,
0,11,22000.0,
0,11,23000.0,
0,11,24000.0,
0,11,25000.0,
0,11,26000.0,
0,11,27000.0,
0,11,28000.0,
0,11,29000.0,
0,11,30000.0,
0,11,31000.0,
0,11,32000.0,
0,11,33000.0,
0,11,34000.0,
0,11,35000.0,
0,11,36000.0,
0,11,37000.0,
0,11,38000.0,
0,11,39000.0,
0,11,40000.0,
0,11,41000.0,
0,11,42000.0,
0,11,43000.0,
0,11,44000.0,
0,11,45000.0,
0,11,46000.0,
0,11,47000.0,
0,11,48000.0,
0,11,49000.0,
0,11,50000.0,
0,12,5000.0,
0,12,6000.0,
0,12,7000.0,
0,12,8000.0,
0,12,9000.0,
0,12,10000.0,
0,12,11000.0,
0,12,12000.0,
0,12,13000.0,
0,12,14000.0,
0,12,15000.0,
0,12,16000.0,
0,12,17000.0,
0,12,18000.0,
0,12,19000.0,
0,12,20000.0,
0,12,21000.0,
0,12,22000.0,
0,12,23000.0,0.180557070401
0,12,24000.0,0.180557070401
0,12,25000.0,0.180557070401
0,12,26000.0,
0,12,27000.0,
0,12,28000.0,
0,12,29000.0,
0,12,30000.0,
0,12,31000.0,
0,12,32000.0,
0,12,33000.0,
0,12,34000.0,0.267883084109
0,12,35000.0,0.267883084109
0,12,36000.0,0.267883084109
0,12,37000.0,
0,12,38000.0,
0,12,39000.0,
0,12,40000.0,
0,12,41000.0,
0,12,42000.0,
0,12,43000.0,
0,12,44000.0,
0,12,45000.0,
0,12,46000.0,
0,12,47000.0,0.194210306797
0,12,48000.0,0.194210306797
0,12,49000.0,0.194210306797
0,12,50000.0,
0,13,5000.0,
0,13,6000.0,
0,13,7000.0,
0,13,8000.0,3.010072779993
0,13,9000.0,3.010072779993
0,13,10000.0,3.010072779993
0,13,11000.0,
0,13,12000.0,0.015323496921
0,13,13000.0,0.015323496921
0,13,14000.0,0.015323496921
0,13,15000.0,0.008669309105
0,13,16000.0,0.008669309105
0,13,17000.0,0.008669309105
0,13,18000.0,
0,13,19000.0,
0,13,20000.0,0.144810340157
0,13,21000.0,0.144810340157
0,13,22000.0,0.144810340157
0,13,23000.0,
0,13,24000.0,
0,13,25000.0,0.008009818697
0,13,26000.0,0.008009818697
0,13,27000.0,0.008009818697
0,13,28000.0,
0,13,29000.0,0.009118961745
0,13,30000.0,0.009118961745
0,13,31000.0,0.009118961745
0,13,32000.0,
0,13,33000.0,
0,13,34000.0,
0,13,35000.0,0.008742320407
0,13,36000.0,0.008742320407
0,13,37000.0,0.008742320407
0,13,38000.0,0.012149203173
0,13,39000.0,0.012149203173
0,13,40000.0,0.012149203173
0,13,41000.0,
0,13,42000.0,0.013718565313
0,13,43000.0,0.013718565313
0,13,44000.0,0.013718565313
0,13,45000.0,
0,13,46000.0,
0,13,47000.0,0.008902009603
0,13,48000.0,0.008902009603
0,13,49000.0,0.008902009603
0,13,50000.0,
0,14,5000.0,
0,14,6000.0,
0,14,7000.0,
0,14,8000.0,
0,14,9000.0,
0,14,10000.0,
0,14,11000.0,0.131355495697
0,14,12000.0,0.131355495697
0,14,13000.0,0.131355495697
0,14,14000.0,0.018160964301
0,14,15000.0,0.018160964301
0,14,16000.0,0.018160964301
0,14,17000.0,
0,14,18000.0,0.02001289606
0,14,19000.0,0.02001289606
0,14,20000.0,0.02001289606
0,14,21000.0,
0,14,22000.0,
0,14,23000.0,0.046732806706
0,14,24000.0,0.046732806706
0,14,25000.0,0.046732806706
0,14,26000.0,
0,14,27000.0,
0,14,28000.0,0.034761825021
0,14,29000.0,0.034761825021
0,14,30000.0,0.034761825021
0,14,31000.0,
0,14,32000.0,
0,14,33000.0,
0,14,34000.0,0.015965282287
0,14,35000.0,0.015965282287
0,14,36000.0,0.015965282287
0,14,37000.0,
0,14,38000.0,
0,14,39000.0,
0,14,40000.0,
0,14,41000.0,0.026427397257
0,14,42000.0,0.026427397257
0,14,43000.0,0.026427397257
0,14,44000.0,
0,14,45000.0,
0,14,46000.0,
0,14,47000.0,
0,14,48000.0,
0,14,49000.0,
0,14,50000.0,
0,15,5000.0,
0,15,6000.0,
0,15,7000.0,
0,15,8000.0,0.093006596122
0,15,9000.0,0.093006596122
0,15,10000.0,0.093006596122
0,15,11000.0,
0,15,12000.0,
0,15,13000.0,0.037743842528
0,15,14000.0,0.037743842528
0,15,15000.0,0.037743842528
0,15,16000.0,
0,15,17000.0,
0,15,18000.0,
0,15,19000.0,
0,15,20000.0,
0,15,21000.0,
0,15,22000.0,
0,15,23000.0,
0,15,24000.0,
0,15,25000.0,
0,15,26000.0,
0,15,27000.0,
0,15,28000.0,
0,15,29000.0,3.013208791446
0,15,30000.0,3.013208791446
0,15,31000.0,3.013208791446
0,15,32000.0,
0,15,33000.0,
0,15,34000.0,
0,15,35000.0,
0,15,36000.0,
0,15,37000.0,
0,15,38000.0,
0,15,39000.0,
0,15,40000.0,
0,15,41000.0,
0,15,42000.0,
0,15,43000.0,
0,15,44000.0,
0,15,45000.0,
0,15,46000.0,
0,15,47000.0,
0,15,48000.0,
0,15,49000.0,
0,15,50000.0,
0,16,5000.0,
0,16,6000.0,
0,16,7000.0,
0,16,8000.0,
0,16,9000.0,
0,16,10000.0,
0,16,11000.0,
0,16,12000.0,
0,16,13000.0,
0,16,14000.0,
0,16,15000.0,
0,16,16000.0,
0,16,17000.0,
0,16,18000.0,
0,16,19000.0,
0,16,20000.0,
0,16,21000.0,
0,16,22000.0,
0,16,23000.0,
0,16,24000.0,
0,16,25000.0,
0,16,26000.0,
0,16,27000.0,
0,16,28000.0,
0,16,29000.0,
0,16,30000.0,
0,16,31000.0,
0,16,32000.0,
0,16,33000.0,
0,16,34000.0,
0,16,35000.0,
0,16,36000.0,
0,16,37000.0,
0,16,38000.0,
0,16,39000.0,
0,16,40000.0,
0,16,41000.0,
0,16,42000.0,
0,16,43000.0,
0,16,44000.0,
0,16,45000.0,
0,16,46000.0,
0,16,47000.0,
0,16,48000.0,
0,16,49000.0,
0,16,50000.0,
0,17,5000.0,0.100310692291
0,17,6000.0,0.100310692291
0,17,7000.0,0.100310692291
0,17,8000.0,
0,17,9000.0,0.020550874515
0,17,10000.0,0.020550874515
0,17,11000.0,0.020550874515
0,17,12000.0,
0,17,13000.0,0.017808355292
0,17,14000.0,0.017808355292
0,17,15000.0,0.017808355292
0,17,16000.0,
0,17,17000.0,
0,17,18000.0,
0,17,19000.0,
0,17,20000.0,0.163878965633
0,17,21000.0,0.163878965633
0,17,22000.0,0.163878965633
0,17,23000.0,
0,17,24000.0,
0,17,25000.0,0.027855601103
0,17,26000.0,0.027855601103
0,17,27000.0,0.027855601103
0,17,28000.0,
0,17,29000.0,0.044633235273
0,17,30000.0,0.044633235273
0,17,31000.0,0.044633235273
0,17,32000.0,
0,17,33000.0,
0,17,34000.0,
0,17,35000.0,
0,17,36000.0,
0,17,37000.0,
0,17,38000.0,
0,17,39000.0,
0,17,40000.0,
0,17,41000.0,0.112381628315
0,17,42000.0,0.112381628315
0,17,43000.0,0.112381628315
0,17,44000.0,
0,17,45000.0,
0,17,46000.0,
0,17,47000.0,
0,17,48000.0,
0,17,49000.0,
0,17,50000.0,
0,18,5000.0,
0,18,6000.0,
0,18,7000.0,
0,18,8000.0,
0,18,9000.0,
0,18,10000.0,
0,18,11000.0,
0,18,12000.0,
0,18,13000.0,
0,18,14000.0,
0,18,15000.0,
0,18,16000.0,
0,18,17000.0,
0,18,18000.0,
0,18,19000.0,
0,18,20000.0,
0,18,21000.0,
0,18,22000.0,
0,18,23000.0,
0,18,24000.0,
0,18,25000.0,
0,18,26000.0,
0,18,27000.0,
0,18,28000.0,
0,18,29000.0,
0,18,30000.0,
0,18,31000.0,
0,18,32000.0,
0,18,33000.0,
0,18,34000.0,
0,18,35000.0,
0,18,36000.0,
0,18,37000.0,
0,18,38000.0,
0,18,39000.0,
0,18,40000.0,
0,18,41000.0,
0,18,42000.0,
0,18,43000.0,
0,18,44000.0,
0,18,45000.0,
0,18,46000.0,
0,18,47000.0,
0,18,48000.0,
0,18,49000.0,
0,18,50000.0,
0,19,5000.0,
0,19,6000.0,
0,19,7000.0,
0,19,8000.0,
0,19,9000.0,
0,19,10000.0,
0,19,11000.0,
0,19,12000.0,
0,19,13000.0,
0,19,14000.0,
0,19,15000.0,
0,19,16000.0,
0,19,17000.0,
0,19,18000.0,
0,19,19000.0,
0,19,20000.0,
0,19,21000.0,
0,19,22000.0,
0,19,23000.0,
0,19,24000.0,
0,19,25000.0,
0,19,26000.0,
0,19,27000.0,
0,19,28000.0,
0,19,29000.0,24.187150535684
0,19,30000.0,24.187150535684
0,19,31000.0,24.187150535684
0,19,32000.0,0.015964184301
0,19,33000.0,0.015964184301
0,19,34000.0,0.015964184301
0,19,35000.0,
0,19,36000.0,
0,19,37000.0,0.019331279334
0,19,38000.0,0.019331279334
0,19,39000.0,0.019331279334
0,19,40000.0,
0,19,41000.0,
0,19,42000.0,
0,19,43000.0,
0,19,44000.0,
0,19,45000.0,
0,19,46000.0,
0,19,47000.0,
0,19,48000.0,
0,19,49000.0,
0,19,50000.0,
0,20,5000.0,
0,20,6000.0,
0,20,7000.0,
0,20,8000.0,
0,20,9000.0,
0,20,10000.0,
0,20,11000.0,
0,20,12000.0,
0,20,13000.0,
0,20,14000.0,
0,20,15000.0,
0,20,16000.0,
0,20,17000.0,
0,20,18000.0,
0,20,19000.0,
0,20,20000.0,
0,20,21000.0,
0,20,22000.0,
0,20,23000.0,
0,20,24000.0,
0,20,25000.0,
0,20,26000.0,
0,20,27000.0,
0,20,28000.0,
0,20,29000.0,
0,20,30000.0,
0,20,31000.0,
0,20,32000.0,
0,20,33000.0,
0,20,34000.0,
0,20,35000.0,
0,20,36000.0,
0,20,37000.0,
0,20,38000.0,
0,20,39000.0,
0,20,40000.0,
0,20,41000.0,
0,20,42000.0,
0,20,43000.0,
0,20,44000.0,
0,20,45000.0,
0,20,46000.0,
0,20,47000.0,
0,20,48000.0,
0,20,49000.0,
0,20,50000.0,
0,21,5000.0,
0,21,6000.0,
0,21,7000.0,
0,21,8000.0,
0,21,9000.0,
0,21,10000.0,0.059634469429
0,21,11000.0,0.059634469429
0,21,12000.0,0.059634469429
0,21,13000.0,0.076778937266
0,21,14000.0,0.076778937266
0,21,15000.0,0.076778937266
0,21,16000.0,
0,21,17000.0,
0,21,18000.0,
0,21,19000.0,
0,21,20000.0,
0,21,21000.0,
0,21,22000.0,
0,21,23000.0,
0,21,24000.0,
0,21,25000.0,
0,21,26000.0,
0,21,27000.0,
0,21,28000.0,
0,21,29000.0,
0,21,30000.0,
0,21,31000.0,
0,21,32000.0,
0,21,33000.0,
0,21,34000.0,
0,21,35000.0,
0,21,36000.0,
0,21,37000.0,
0,21,38000.0,
0,21,39000.0,
0,21,40000.0,
0,21,41000.0,
0,21,42000.0,
0,21,43000.0,
0,21,44000.0,
0,21,45000.0,
0,21,46000.0,
0,21,47000.0,
0,21,48000.0,
0,21,49000.0,
0,21,50000.0,
0,22,5000.0,
0,22,6000.0,
0,22,7000.0,
0,22,8000.0,3.026350714808
0,22,9000.0,3.026350714808
0,22,10000.0,3.026350714808
0,22,11000.0,
0,22,12000.0,
0,22,13000.0,
0,22,14000.0,
0,22,15000.0,0.058444270671
0,22,16000.0,0.058444270671
0,22,17000.0,0.058444270671
0,22,18000.0,
0,22,19000.0,
0,22,20000.0,
0,22,21000.0,
0,22,22000.0,
0,22,23000.0,
0,22,24000.0,
0,22,25000.0,
0,22,26000.0,
0,22,27000.0,
0,22,28000.0,
0,22,29000.0,
0,22,30000.0,
0,22,31000.0,
0,22,32000.0,
0,22,33000.0,
0,22,34000.0,
0,22,35000.0,
0,22,36000.0,
0,22,37000.0,
0,22,38000.0,
0,22,39000.0,
0,22,40000.0,
0,22,41000.0,
0,22,42000.0,
0,22,43000.0,
0,22,44000.0,
0,22,45000.0,
0,22,46000.0,
0,22,47000.0,
0,22,48000.0,
0,22,49000.0,
0,22,50000.0,
0,23,5000.0,
0,23,6000.0,0.008779876291
0,23,7000.0,0.008779876291
0,23,8000.0,0.008779876291
0,23,9000.0,
0,23,10000.0,0.008809442739
0,23,11000.0,0.008809442739
0,23,12000.0,0.008809442739
0,23,13000.0,
0,23,14000.0,0.007709482744
0,23,15000.0,0.007709482744
0,23,16000.0,0.007709482744
0,23,17000.0,0.011143584153
0,23,18000.0,0.011143584153
0,23,19000.0,0.011143584153
0,23,20000.0,0.007609547341
0,23,21000.0,0.007609547341
0,23,22000.0,0.007609547341
0,23,23000.0,
0,23,24000.0,
0,23,25000.0,0.007369598192
0,23,26000.0,0.007369598192
0,23,27000.0,0.007369598192
0,23,28000.0,
0,23,29000.0,0.014190918356
0,23,30000.0,0.014190918356
0,23,31000.0,0.014190918356
0,23,32000.0,
0,23,33000.0,0.051437638916
0,23,34000.0,0.051437638916
0,23,35000.0,0.051437638916
0,23,36000.0,
0,23,37000.0,0.035457516783
0,23,38000.0,0.035457516783
0,23,39000.0,0.035457516783
0,23,40000.0,
0,23,41000.0,
0,23,42000.0,
0,23,43000.0,
0,23,44000.0,
0,23,45000.0,
0,23,46000.0,
0,23,47000.0,
0,23,48000.0,
0,23,49000.0,
0,23,50000.0,
0,24,5000.0,
0,24,6000.0,
0,24,7000.0,
0,24,8000.0,
0,24,9000.0,
0,24,10000.0,
0,24,11000.0,
0,24,12000.0,
0,24,13000.0,
0,24,14000.0,
0,24,15000.0,
0,24,16000.0,
0,24,17000.0,
0,24,18000.0,
0,24,19000.0,
0,24,20000.0,
0,24,21000.0,
0,24,22000.0,
0,24,23000.0,0.190407986234
0,24,24000.0,0.190407986234
0,24,25000.0,0.190407986234
0,24,26000.0,0.055943768933
0,24,27000.0,0.055943768933
0,24,28000.0,0.055943768933
0,24,29000.0,
0,24,30000.0,
0,24,31000.0,0.012080498256
0,24,32000.0,0.012080498256
0,24,33000.0,0.012080498256
0,24,34000.0,
0,24,35000.0,0.008133212519
0,24,36000.0,0.008133212519
0,24,37000.0,0.008133212519
0,24,38000.0,
0,24,39000.0,
0,24,40000.0,
0,24,41000.0,
0,24,42000.0,
0,24,43000.0,
0,24,44000.0,
0,24,45000.0,
0,24,46000.0,
0,24,47000.0,3.525994349681
0,24,48000.0,3.525994349681
0,24,49000.0,3.525994349681
0,24,50000.0,
1,0,5000.0,
1,0,6000.0,
1,0,7000.0,
1,0,8000.0,
1,0,9000.0,
1,0,10000.0,
1,0,11000.0,
1,0,12000.0,
1,0,13000.0,
1,0,14000.0,
1,0,15000.0,
1,0,16000.0,
1,0,17000.0,
1,0,18000.0,
1,0,19000.0,
1,0,20000.0,0.033620291635
1,0,21000.0,0.033620291635
1,0,22000.0,0.033620291635
1,0,23000.0,
1,0,24000.0,
1,0,25000.0,
1,0,26000.0,
1,0,27000.0,0.092902865972
1,0,28000.0,0.092902865972
1,0,29000.0,0.092902865972
1,0,30000.0,
1,0,31000.0,
1,0,32000.0,
1,0,33000.0,
1,0,34000.0,
1,0,35000.0,
1,0,36000.0,
1,0,37000.0,
1,0,38000.0,
1,0,39000.0,
1,0,40000.0,3.141773183272
1,0,41000.0,3.141773183272
1,0,42000.0,3.141773183272
1,0,43000.0,
1,0,44000.0,0.057234359604
1,0,45000.0,0.057234359604
1,0,46000.0,0.057234359604
1,0,47000.0,
1,0,48000.0,
1,0,49000.0,
1,0,50000.0,
1,1,5000.0,0.008188941352
1,1,6000.0,0.008188941352
1,1,7000.0,0.008188941352
1,1,8000.0,
1,1,9000.0,
1,1,10000.0,0.008348542792
1,1,11000.0,0.008348542792
1,1,12000.0,0.008348542792
1,1,13000.0,0.008489287161
1,1,14000.0,0.008489287161
1,1,15000.0,0.008489287161
1,1,16000.0,
1,1,17000.0,
1,1,18000.0,0.008330303023
1,1,19000.0,0.008330303023
1,1,20000.0,0.008330303023
1,1,21000.0,
1,1,22000.0,0.010342938562
1,1,23000.0,0.010342938562
1,1,24000.0,0.010342938562
1,1,25000.0,
1,1,26000.0,
1,1,27000.0,0.009446583385
1,1,28000.0,0.009446583385
1,1,29000.0,0.009446583385
1,1,30000.0,
1,1,31000.0,
1,1,32000.0,
1,1,33000.0,
1,1,34000.0,
1,1,35000.0,
1,1,36000.0,
1,1,37000.0,
1,1,38000.0,
1,1,39000.0,
1,1,40000.0,
1,1,41000.0,
1,1,42000.0,
1,1,43000.0,
1,1,44000.0,
1,1,45000.0,
1,1,46000.0,
1,1,47000.0,
1,1,48000.0,
1,1,49000.0,
1,1,50000.0,
1,2,5000.0,
1,2,6000.0,
1,2,7000.0,
1,2,8000.0,
1,2,9000.0,
1,2,10000.0,
1,2,11000.0,
1,2,12000.0,
1,2,13000.0,
1,2,14000.0,
1,2,15000.0,
1,2,16000.0,
1,2,17000.0,
1,2,18000.0,
1,2,19000.0,
1,2,20000.0,
1,2,21000.0,
1,2,22000.0,
1,2,23000.0,
1,2,24000.0,
1,2,25000.0,
1,2,26000.0,
1,2,27000.0,
1,2,28000.0,
1,2,29000.0,
1,2,30000.0,
1,2,31000.0,
1,2,32000.0,
1,2,33000.0,
1,2,34000.0,
1,2,35000.0,
1,2,36000.0,
1,2,37000.0,
1,2,38000.0,
1,2,39000.0,
1,2,40000.0,
1,2,41000.0,30.009023006421
1,2,42000.0,30.009023006421
1,2,43000.0,30.009023006421
1,2,44000.0,
1,2,45000.0,0.008393175002
1,2,46000.0,0.008393175002
1,2,47000.0,0.008393175002
1,2,48000.0,0.007813300522
1,2,49000.0,0.007813300522
1,2,50000.0,0.007813300522
1,4,5000.0,
1,4,6000.0,
1,4,7000.0,
1,4,8000.0,
1,4,9000.0,
1,4,10000.0,
1,4,11000.0,
1,4,12000.0,
1,4,13000.0,
1,4,14000.0,0.060864305066
1,4,15000.0,0.060864305066
1,4,16000.0,0.060864305066
1,4,17000.0,0.042774258298
1,4,18000.0,0.042774258298
1,4,19000.0,0.042774258298
1,4,20000.0,
1,4,21000.0,
1,4,22000.0,
1,4,23000.0,
1,4,24000.0,3.083607317381
1,4,25000.0,3.083607317381
1,4,26000.0,3.083607317381
1,4,27000.0,
1,4,28000.0,0.087619592693
1,4,29000.0,0.087619592693
1,4,30000.0,0.087619592693
1,4,31000.0,
1,4,32000.0,
1,4,33000.0,
1,4,34000.0,
1,4,35000.0,
1,4,36000.0,
1,4,37000.0,
1,4,38000.0,
1,4,39000.0,
1,4,40000.0,
1,4,41000.0,
1,4,42000.0,
1,4,43000.0,
1,4,44000.0,
1,4,45000.0,12.330716288321
1,4,46000.0,12.330716288321
1,4,47000.0,12.330716288321
1,4,48000.0,
1,4,49000.0,
1,4,50000.0,
1,5,5000.0,
1,5,6000.0,
1,5,7000.0,
1,5,8000.0,
1,5,9000.0,
1,5,10000.0,
1,5,11000.0,
1,5,12000.0,
1,5,13000.0,
1,5,14000.0,
1,5,15000.0,
1,5,16000.0,
1,5,17000.0,
1,5,18000.0,
1,5,19000.0,
1,5,20000.0,
1,5,21000.0,
1,5,22000.0,
1,5,23000.0,
1,5,24000.0,
1,5,25000.0,
1,5,26000.0,
1,5,27000.0,
1,5,28000.0,
1,5,29000.0,
1,5,30000.0,
1,5,31000.0,
1,5,32000.0,
1,5,33000.0,
1,5,34000.0,
1,5,35000.0,
1,5,36000.0,
1,5,37000.0,
1,5,38000.0,
1,5,39000.0,
1,5,40000.0,
1,5,41000.0,
1,5,42000.0,
1,5,43000.0,
1,5,44000.0,
1,5,45000.0,
1,5,46000.0,
1,5,47000.0,
1,5,48000.0,
1,5,49000.0,
1,5,50000.0,
1,6,5000.0,0.00832956632
1,6,6000.0,0.00832956632
1,6,7000.0,0.00832956632
1,6,8000.0,
1,6,9000.0,
1,6,10000.0,0.007609306741
1,6,11000.0,0.007609306741
1,6,12000.0,0.007609306741
1,6,13000.0,
1,6,14000.0,0.008289112439
1,6,15000.0,0.008289112439
1,6,16000.0,0.008289112439
1,6,17000.0,
1,6,18000.0,0.020149304801
1,6,19000.0,0.020149304801
1,6,20000.0,0.020149304801
1,6,21000.0,0.047992325534
1,6,22000.0,0.047992325534
1,6,23000.0,0.047992325534
1,6,24000.0,
1,6,25000.0,0.01397137847
1,6,26000.0,0.01397137847
1,6,27000.0,0.01397137847
1,6,28000.0,
1,6,29000.0,0.013185392796
1,6,30000.0,0.013185392796
1,6,31000.0,0.013185392796
1,6,32000.0,
1,6,33000.0,0.00808945761
1,6,34000.0,0.00808945761
1,6,35000.0,0.00808945761
1,6,36000.0,
1,6,37000.0,0.007809661112
1,6,38000.0,0.007809661112
1,6,39000.0,0.007809661112
1,6,40000.0,0.012499826451
1,6,41000.0,0.012499826451
1,6,42000.0,0.012499826451
1,6,43000.0,
1,6,44000.0,
1,6,45000.0,0.012097022689
1,6,46000.0,0.012097022689
1,6,47000.0,0.012097022689
1,6,48000.0,
1,6,49000.0,0.022860233448
1,6,50000.0,0.022860233448
1,7,5000.0,0.132146448826
1,7,6000.0,0.132146448826
1,7,7000.0,0.132146448826
1,7,8000.0,
1,7,9000.0,
1,7,10000.0,0.035940667875
1,7,11000.0,0.035940667875
1,7,12000.0,0.035940667875
1,7,13000.0,
1,7,14000.0,
1,7,15000.0,
1,7,16000.0,
1,7,17000.0,
1,7,18000.0,0.033517473515
1,7,19000.0,0.033517473515
1,7,20000.0,0.033517473515
1,7,21000.0,0.042085001574
1,7,22000.0,0.042085001574
1,7,23000.0,0.042085001574
1,7,24000.0,
1,7,25000.0,
1,7,26000.0,
1,7,27000.0,
1,7,28000.0,
1,7,29000.0,0.031076139541
1,7,30000.0,0.031076139541
1,7,31000.0,0.031076139541
1,7,32000.0,
1,7,33000.0,0.056483991672
1,7,34000.0,0.056483991672
1,7,35000.0,0.056483991672
1,7,36000.0,
1,7,37000.0,
1,7,38000.0,
1,7,39000.0,
1,7,40000.0,
1,7,41000.0,
1,7,42000.0,
1,7,43000.0,
1,7,44000.0,
1,7,45000.0,
1,7,46000.0,
1,7,47000.0,
1,7,48000.0,
1,7,49000.0,0.035813786545
1,7,50000.0,0.035813786545
1,8,5000.0,
1,8,6000.0,
1,8,7000.0,
1,8,8000.0,
1,8,9000.0,
1,8,10000.0,
1,8,11000.0,
1,8,12000.0,
1,8,13000.0,
1,8,14000.0,
1,8,15000.0,
1,8,16000.0,
1,8,17000.0,
1,8,18000.0,
1,8,19000.0,
1,8,20000.0,
1,8,21000.0,
1,8,22000.0,
1,8,23000.0,
1,8,24000.0,
1,8,25000.0,
1,8,26000.0,
1,8,27000.0,
1,8,28000.0,
1,8,29000.0,
1,8,30000.0,
1,8,31000.0,
1,8,32000.0,
1,8,33000.0,
1,8,34000.0,
1,8,35000.0,
1,8,36000.0,
1,8,37000.0,
1,8,38000.0,
1,8,39000.0,
1,8,40000.0,
1,8,41000.0,21.229084175272
1,8,42000.0,21.229084175272
1,8,43000.0,21.229084175272
1,8,44000.0,0.042052095622
1,8,45000.0,0.042052095622
1,8,46000.0,0.042052095622
1,8,47000.0,
1,8,48000.0,0.044666588563
1,8,49000.0,0.044666588563
1,8,50000.0,0.044666588563
1,9,5000.0,
1,9,6000.0,
1,9,7000.0,
1,9,8000.0,
1,9,9000.0,0.015826947614
1,9,10000.0,0.015826947614
1,9,11000.0,0.015826947614
1,9,12000.0,
1,9,13000.0,
1,9,14000.0,
1,9,15000.0,
1,9,16000.0,
1,9,17000.0,
1,9,18000.0,
1,9,19000.0,
1,9,20000.0,
1,9,21000.0,
1,9,22000.0,
1,9,23000.0,
1,9,24000.0,
1,9,25000.0,3.280495212549
1,9,26000.0,3.280495212549
1,9,27000.0,3.280495212549
1,9,28000.0,0.022764832654
1,9,29000.0,0.022764832654
1,9,30000.0,0.022764832654
1,9,31000.0,
1,9,32000.0,
1,9,33000.0,0.082807403276
1,9,34000.0,0.082807403276
1,9,35000.0,0.082807403276
1,9,36000.0,
1,9,37000.0,
1,9,38000.0,
1,9,39000.0,
1,9,40000.0,
1,9,41000.0,
1,9,42000.0,
1,9,43000.0,
1,9,44000.0,
1,9,45000.0,0.020164149837
1,9,46000.0,0.020164149837
1,9,47000.0,0.020164149837
1,9,48000.0,
1,9,49000.0,
1,9,50000.0,0.097499455897
1,10,5000.0,0.041829960985
1,10,6000.0,0.041829960985
1,10,7000.0,0.041829960985
1,10,8000.0,
1,10,9000.0,
1,10,10000.0,
1,10,11000.0,
1,10,12000.0,
1,10,13000.0,
1,10,14000.0,
1,10,15000.0,
1,10,16000.0,
1,10,17000.0,
1,10,18000.0,
1,10,19000.0,
1,10,20000.0,
1,10,21000.0,0.271640276856
1,10,22000.0,0.271640276856
1,10,23000.0,0.271640276856
1,10,24000.0,
1,10,25000.0,
1,10,26000.0,
1,10,27000.0,
1,10,28000.0,0.111964586754
1,10,29000.0,0.111964586754
1,10,30000.0,0.111964586754
1,10,31000.0,
1,10,32000.0,
1,10,33000.0,
1,10,34000.0,0.032315020166
1,10,35000.0,0.032315020166
1,10,36000.0,0.032315020166
1,10,37000.0,0.023433196802
1,10,38000.0,0.023433196802
1,10,39000.0,0.023433196802
1,10,40000.0,
1,10,41000.0,0.060920850163
1,10,42000.0,0.060920850163
1,10,43000.0,0.060920850163
1,10,44000.0,
1,10,45000.0,0.024097062739
1,10,46000.0,0.024097062739
1,10,47000.0,0.024097062739
1,10,48000.0,
1,10,49000.0,
1,10,50000.0,
1,11,5000.0,
1,11,6000.0,
1,11,7000.0,
1,11,8000.0,
1,11,9000.0,
1,11,10000.0,
1,11,11000.0,
1,11,12000.0,
1,11,13000.0,
1,11,14000.0,
1,11,15000.0,
1,11,16000.0,
1,11,17000.0,
1,11,18000.0,
1,11,19000.0,
1,11,20000.0,
1,11,21000.0,
1,11,22000.0,
1,11,23000.0,
1,11,24000.0,
1,11,25000.0,
1,11,26000.0,
1,11,27000.0,
1,11,28000.0,
1,11,29000.0,
1,11,30000.0,
1,11,31000.0,
1,11,32000.0,
1,11,33000.0,
1,11,34000.0,
1,11,35000.0,
1,11,36000.0,
1,11,37000.0,
1,11,38000.0,
1,11,39000.0,
1,11,40000.0,
1,11,41000.0,
1,11,42000.0,
1,11,43000.0,
1,11,44000.0,
1,11,45000.0,
1,11,46000.0,
1,11,47000.0,
1,11,48000.0,
1,11,49000.0,
1,11,50000.0,
1,12,5000.0,
1,12,6000.0,
1,12,7000.0,
1,12,8000.0,
1,12,9000.0,
1,12,10000.0,
1,12,11000.0,
1,12,12000.0,
1,12,13000.0,
1,12,14000.0,
1,12,15000.0,
1,12,16000.0,
1,12,17000.0,
1,12,18000.0,
1,12,19000.0,
1,12,20000.0,0.062777323281
1,12,21000.0,0.062777323281
1,12,22000.0,0.062777323281
1,12,23000.0,
1,12,24000.0,0.036669028886
1,12,25000.0,0.036669028886
1,12,26000.0,0.036669028886
1,12,27000.0,
1,12,28000.0,
1,12,29000.0,
1,12,30000.0,
1,12,31000.0,
1,12,32000.0,
1,12,33000.0,
1,12,34000.0,
1,12,35000.0,
1,12,36000.0,
1,12,37000.0,
1,12,38000.0,
1,12,39000.0,
1,12,40000.0,
1,12,41000.0,
1,12,42000.0,
1,12,43000.0,
1,12,44000.0,
1,12,45000.0,
1,12,46000.0,
1,12,47000.0,
1,12,48000.0,
1,12,49000.0,
1,12,50000.0,
1,13,5000.0,
1,13,6000.0,
1,13,7000.0,
1,13,8000.0,0.027351945137
1,13,9000.0,0.027351945137
1,13,10000.0,0.027351945137
1,13,11000.0,
1,13,12000.0,0.033497058721
1,13,13000.0,0.033497058721
1,13,14000.0,0.033497058721
1,13,15000.0,
1,13,16000.0,
1,13,17000.0,
1,13,18000.0,
1,13,19000.0,
1,13,20000.0,
1,13,21000.0,
1,13,22000.0,
1,13,23000.0,
1,13,24000.0,
1,13,25000.0,9.548901188285
1,13,26000.0,9.548901188285
1,13,27000.0,9.548901188285
1,13,28000.0,
1,13,29000.0,
1,13,30000.0,
1,13,31000.0,
1,13,32000.0,
1,13,33000.0,
1,13,34000.0,
1,13,35000.0,
1,13,36000.0,
1,13,37000.0,
1,13,38000.0,
1,13,39000.0,
1,13,40000.0,
1,13,41000.0,
1,13,42000.0,
1,13,43000.0,
1,13,44000.0,
1,13,45000.0,
1,13,46000.0,
1,13,47000.0,
1,13,48000.0,
1,13,49000.0,
1,13,50000.0,
1,14,5000.0,0.008173773786
1,14,6000.0,0.008173773786
1,14,7000.0,0.008173773786
1,14,8000.0,
1,14,9000.0,
1,14,10000.0,0.016168083832
1,14,11000.0,0.016168083832
1,14,12000.0,0.016168083832
1,14,13000.0,
1,14,14000.0,0.007913078107
1,14,15000.0,0.007913078107
1,14,16000.0,0.007913078107
1,14,17000.0,
1,14,18000.0,0.035382478732
1,14,19000.0,0.035382478732
1,14,20000.0,0.035382478732
1,14,21000.0,
1,14,22000.0,
1,14,23000.0,
1,14,24000.0,
1,14,25000.0,0.3752323716
1,14,26000.0,0.3752323716
1,14,27000.0,0.3752323716
1,14,28000.0,
1,14,29000.0,
1,14,30000.0,0.007832221146
1,14,31000.0,0.007832221146
1,14,32000.0,0.007832221146
1,14,33000.0,
1,14,34000.0,
1,14,35000.0,
1,14,36000.0,
1,14,37000.0,
1,14,38000.0,0.037766176557
1,14,39000.0,0.037766176557
1,14,40000.0,0.037766176557
1,14,41000.0,
1,14,42000.0,0.008451964874
1,14,43000.0,0.008451964874
1,14,44000.0,0.008451964874
1,14,45000.0,
1,14,46000.0,0.01304014826
1,14,47000.0,0.01304014826
1,14,48000.0,0.01304014826
1,14,49000.0,0.009172008973
1,14,50000.0,0.009172008973
1,15,5000.0,
1,15,6000.0,
1,15,7000.0,
1,15,8000.0,
1,15,9000.0,
1,15,10000.0,
1,15,11000.0,0.068815695119
1,15,12000.0,0.068815695119
1,15,13000.0,0.068815695119
1,15,14000.0,
1,15,15000.0,
1,15,16000.0,
1,15,17000.0,
1,15,18000.0,0.023695980278
1,15,19000.0,0.023695980278
1,15,20000.0,0.023695980278
1,15,21000.0,
1,15,22000.0,
1,15,23000.0,
1,15,24000.0,
1,15,25000.0,
1,15,26000.0,
1,15,27000.0,
1,15,28000.0,
1,15,29000.0,
1,15,30000.0,
1,15,31000.0,0.095631540146
1,15,32000.0,0.095631540146
1,15,33000.0,0.095631540146
1,15,34000.0,
1,15,35000.0,
1,15,36000.0,
1,15,37000.0,0.091443170324
1,15,38000.0,0.091443170324
1,15,39000.0,0.091443170324
1,15,40000.0,
1,15,41000.0,0.033810125048
1,15,42000.0,0.033810125048
1,15,43000.0,0.033810125048
1,15,44000.0,
1,15,45000.0,
1,15,46000.0,0.011677925582
1,15,47000.0,0.011677925582
1,15,48000.0,0.011677925582
1,15,49000.0,
1,15,50000.0,0.113974369065
1,16,5000.0,
1,16,6000.0,
1,16,7000.0,
1,16,8000.0,
1,16,9000.0,
1,16,10000.0,
1,16,11000.0,0.062313799586
1,16,12000.0,0.062313799586
1,16,13000.0,0.062313799586
1,16,14000.0,0.02840888115
1,16,15000.0,0.02840888115
1,16,16000.0,0.02840888115
1,16,17000.0,
1,16,18000.0,
1,16,19000.0,0.028693461178
1,16,20000.0,0.028693461178
1,16,21000.0,0.028693461178
1,16,22000.0,
1,16,23000.0,
1,16,24000.0,
1,16,25000.0,
1,16,26000.0,0.032435988045
1,16,27000.0,0.032435988045
1,16,28000.0,0.032435988045
1,16,29000.0,
1,16,30000.0,
1,16,31000.0,
1,16,32000.0,
1,16,33000.0,
1,16,34000.0,
1,16,35000.0,
1,16,36000.0,
1,16,37000.0,
1,16,38000.0,
1,16,39000.0,
1,16,40000.0,
1,16,41000.0,
1,16,42000.0,0.019920209232
1,16,43000.0,0.019920209232
1,16,44000.0,0.019920209232
1,16,45000.0,0.008451428571
1,16,46000.0,0.008451428571
1,16,47000.0,0.008451428571
1,16,48000.0,
1,16,49000.0,0.008589917663
1,16,50000.0,0.008589917663
1,17,5000.0,
1,17,6000.0,0.023497110547
1,17,7000.0,0.023497110547
1,17,8000.0,0.023497110547
1,17,9000.0,
1,17,10000.0,0.008951900586
1,17,11000.0,0.008951900586
1,17,12000.0,0.008951900586
1,17,13000.0,
1,17,14000.0,0.021856245663
1,17,15000.0,0.021856245663
1,17,16000.0,0.021856245663
1,17,17000.0,
1,17,18000.0,0.0086138559
1,17,19000.0,0.0086138559
1,17,20000.0,0.0086138559
1,17,21000.0,
1,17,22000.0,0.012770784398
1,17,23000.0,0.012770784398
1,17,24000.0,0.012770784398
1,17,25000.0,
1,17,26000.0,
1,17,27000.0,
1,17,28000.0,
1,17,29000.0,3.022425997968
1,17,30000.0,3.022425997968
1,17,31000.0,3.022425997968
1,17,32000.0,
1,17,33000.0,
1,17,34000.0,
1,17,35000.0,
1,17,36000.0,
1,17,37000.0,
1,17,38000.0,
1,17,39000.0,
1,17,40000.0,
1,17,41000.0,
1,17,42000.0,0.052395731481
1,17,43000.0,0.052395731481
1,17,44000.0,0.052395731481
1,17,45000.0,
1,17,46000.0,
1,17,47000.0,0.036156971608
1,17,48000.0,0.036156971608
1,17,49000.0,0.036156971608
1,17,50000.0,
1,18,5000.0,0.163246197139
1,18,6000.0,0.163246197139
1,18,7000.0,0.163246197139
1,18,8000.0,
1,18,9000.0,
1,18,10000.0,
1,18,11000.0,
1,18,12000.0,0.135480871922
1,18,13000.0,0.135480871922
1,18,14000.0,0.135480871922
1,18,15000.0,
1,18,16000.0,
1,18,17000.0,
1,18,18000.0,
1,18,19000.0,0.057418624889
1,18,20000.0,0.057418624889
1,18,21000.0,0.057418624889
1,18,22000.0,
1,18,23000.0,0.05275483358
1,18,24000.0,0.05275483358
1,18,25000.0,0.05275483358
1,18,26000.0,
1,18,27000.0,0.063824326425
1,18,28000.0,0.063824326425
1,18,29000.0,0.063824326425
1,18,30000.0,
1,18,31000.0,0.035665550869
1,18,32000.0,0.035665550869
1,18,33000.0,0.035665550869
1,18,34000.0,
1,18,35000.0,0.015664589459
1,18,36000.0,0.015664589459
1,18,37000.0,0.015664589459
1,18,38000.0,
1,18,39000.0,
1,18,40000.0,
1,18,41000.0,
1,18,42000.0,
1,18,43000.0,
1,18,44000.0,
1,18,45000.0,
1,18,46000.0,
1,18,47000.0,
1,18,48000.0,0.07340698458
1,18,49000.0,0.07340698458
1,18,50000.0,0.07340698458
1,19,5000.0,
1,19,6000.0,
1,19,7000.0,
1,19,8000.0,
1,19,9000.0,
1,19,10000.0,
1,19,11000.0,
1,19,12000.0,
1,19,13000.0,
1,19,14000.0,
1,19,15000.0,
1,19,16000.0,
1,19,17000.0,
1,19,18000.0,
1,19,19000.0,
1,19,20000.0,
1,19,21000.0,
1,19,22000.0,
1,19,23000.0,0.126782659488
1,19,24000.0,0.126782659488
1,19,25000.0,0.126782659488
1,19,26000.0,
1,19,27000.0,
1,19,28000.0,
1,19,29000.0,
1,19,30000.0,
1,19,31000.0,
1,19,32000.0,
1,19,33000.0,
1,19,34000.0,
1,19,35000.0,
1,19,36000.0,
1,19,37000.0,
1,19,38000.0,
1,19,39000.0,
1,19,40000.0,
1,19,41000.0,
1,19,42000.0,
1,19,43000.0,0.022594150001
1,19,44000.0,0.022594150001
1,19,45000.0,0.022594150001
1,19,46000.0,
1,19,47000.0,0.036074081362
1,19,48000.0,0.036074081362
1,19,49000.0,0.036074081362
1,19,50000.0,
1,20,5000.0,
1,20,6000.0,0.014694493829
1,20,7000.0,0.014694493829
1,20,8000.0,0.014694493829
1,20,9000.0,
1,20,10000.0,0.022823022654
1,20,11000.0,0.022823022654
1,20,12000.0,0.022823022654
1,20,13000.0,
1,20,14000.0,
1,20,15000.0,0.022977593169
1,20,16000.0,0.022977593169
1,20,17000.0,0.022977593169
1,20,18000.0,
1,20,19000.0,0.475552368319
1,20,20000.0,0.475552368319
1,20,21000.0,0.475552368319
1,20,22000.0,
1,20,23000.0,
1,20,24000.0,
1,20,25000.0,0.128096899819
1,20,26000.0,0.128096899819
1,20,27000.0,0.128096899819
1,20,28000.0,
1,20,29000.0,
1,20,30000.0,0.17044903183
1,20,31000.0,0.17044903183
1,20,32000.0,0.17044903183
1,20,33000.0,0.020542454289
1,20,34000.0,0.020542454289
1,20,35000.0,0.020542454289
1,20,36000.0,
1,20,37000.0,
1,20,38000.0,0.246922470444
1,20,39000.0,0.246922470444
1,20,40000.0,0.246922470444
1,20,41000.0,
1,20,42000.0,
1,20,43000.0,
1,20,44000.0,
1,20,45000.0,
1,20,46000.0,
1,20,47000.0,0.017860134235
1,20,48000.0,0.017860134235
1,20,49000.0,0.017860134235
1,20,50000.0,
1,21,5000.0,
1,21,6000.0,
1,21,7000.0,
1,21,8000.0,
1,21,9000.0,
1,21,10000.0,
1,21,11000.0,
1,21,12000.0,
1,21,13000.0,
1,21,14000.0,0.04278152381
1,21,15000.0,0.04278152381
1,21,16000.0,0.04278152381
1,21,17000.0,
1,21,18000.0,
1,21,19000.0,
1,21,20000.0,
1,21,21000.0,
1,21,22000.0,
1,21,23000.0,
1,21,24000.0,
1,21,25000.0,
1,21,26000.0,
1,21,27000.0,
1,21,28000.0,
1,21,29000.0,
1,21,30000.0,
1,21,31000.0,
1,21,32000.0,
1,21,33000.0,
1,21,34000.0,
1,21,35000.0,
1,21,36000.0,
1,21,37000.0,
1,21,38000.0,
1,21,39000.0,
1,21,40000.0,
1,21,41000.0,
1,21,42000.0,
1,21,43000.0,0.129214786816
1,21,44000.0,0.129214786816
1,21,45000.0,0.129214786816
1,21,46000.0,0.052466138197
1,21,47000.0,0.052466138197
1,21,48000.0,0.052466138197
1,21,49000.0,
1,21,50000.0,0.015885839491
1,22,5000.0,0.025514796287
1,22,6000.0,0.025514796287
1,22,7000.0,0.025514796287
1,22,8000.0,
1,22,9000.0,
1,22,10000.0,0.05758742949
1,22,11000.0,0.05758742949
1,22,12000.0,0.05758742949
1,22,13000.0,
1,22,14000.0,
1,22,15000.0,
1,22,16000.0,
1,22,17000.0,
1,22,18000.0,
1,22,19000.0,
1,22,20000.0,
1,22,21000.0,
1,22,22000.0,
1,22,23000.0,
1,22,24000.0,
1,22,25000.0,
1,22,26000.0,0.037409430236
1,22,27000.0,0.037409430236
1,22,28000.0,0.037409430236
1,22,29000.0,
1,22,30000.0,0.029549241949
1,22,31000.0,0.029549241949
1,22,32000.0,0.029549241949
1,22,33000.0,
1,22,34000.0,
1,22,35000.0,
1,22,36000.0,
1,22,37000.0,
1,22,38000.0,
1,22,39000.0,
1,22,40000.0,
1,22,41000.0,
1,22,42000.0,
1,22,43000.0,
1,22,44000.0,
1,22,45000.0,
1,22,46000.0,
1,22,47000.0,
1,22,48000.0,
1,22,49000.0,
1,22,50000.0,
1,23,5000.0,
1,23,6000.0,
1,23,7000.0,
1,23,8000.0,
1,23,9000.0,
1,23,10000.0,
1,23,11000.0,
1,23,12000.0,
1,23,13000.0,
1,23,14000.0,
1,23,15000.0,
1,23,16000.0,
1,23,17000.0,
1,23,18000.0,
1,23,19000.0,
1,23,20000.0,
1,23,21000.0,
1,23,22000.0,
1,23,23000.0,
1,23,24000.0,
1,23,25000.0,
1,23,26000.0,
1,23,27000.0,
1,23,28000.0,
1,23,29000.0,
1,23,30000.0,
1,23,31000.0,
1,23,32000.0,
1,23,33000.0,
1,23,34000.0,
1,23,35000.0,
1,23,36000.0,
1,23,37000.0,
1,23,38000.0,
1,23,39000.0,
1,23,40000.0,
1,23,41000.0,
1,23,42000.0,
1,23,43000.0,
1,23,44000.0,
1,23,45000.0,
1,23,46000.0,
1,23,47000.0,
1,23,48000.0,
1,23,49000.0,
1,23,50000.0,
1,24,5000.0,0.008993720654
1,24,6000.0,0.008993720654
1,24,7000.0,0.008993720654
1,24,8000.0,
1,24,9000.0,0.007994044934
1,24,10000.0,0.007994044934
1,24,11000.0,0.007994044934
1,24,12000.0,
1,24,13000.0,
1,24,14000.0,0.01694501499
1,24,15000.0,0.01694501499
1,24,16000.0,0.01694501499
1,24,17000.0,0.012947221924
1,24,18000.0,0.012947221924
1,24,19000.0,0.012947221924
1,24,20000.0,
1,24,21000.0,
1,24,22000.0,
1,24,23000.0,
1,24,24000.0,
1,24,25000.0,
1,24,26000.0,
1,24,27000.0,
1,24,28000.0,
1,24,29000.0,
1,24,30000.0,0.029157697221
1,24,31000.0,0.029157697221
1,24,32000.0,0.029157697221
1,24,33000.0,
1,24,34000.0,
1,24,35000.0,0.029307880786
1,24,36000.0,0.029307880786
1,24,37000.0,0.029307880786
1,24,38000.0,
1,24,39000.0,
1,24,40000.0,0.023164766343
1,24,41000.0,0.023164766343
1,24,42000.0,0.023164766343
1,24,43000.0,
1,24,44000.0,0.037953828898
1,24,45000.0,0.037953828898
1,24,46000.0,0.037953828898
1,24,47000.0,
1,24,48000.0,
1,24,49000.0,
1,24,50000.0,
2,0,5000.0,
2,0,6000.0,
2,0,7000.0,0.076791143275
2,0,8000.0,0.076791143275
2,0,9000.0,0.076791143275
2,0,10000.0,
2,0,11000.0,
2,0,12000.0,0.263077872432
2,0,13000.0,0.263077872432
2,0,14000.0,0.263077872432
2,0,15000.0,
2,0,16000.0,0.13701244686
2,0,17000.0,0.13701244686
2,0,18000.0,0.13701244686
2,0,19000.0,
2,0,20000.0,
2,0,21000.0,
2,0,22000.0,
2,0,23000.0,0.064678407352
2,0,24000.0,0.064678407352
2,0,25000.0,0.064678407352
2,0,26000.0,
2,0,27000.0,
2,0,28000.0,0.052230836901
2,0,29000.0,0.052230836901
2,0,30000.0,0.052230836901
2,0,31000.0,
2,0,32000.0,0.039819368449
2,0,33000.0,0.039819368449
2,0,34000.0,0.039819368449
2,0,35000.0,
2,0,36000.0,
2,0,37000.0,
2,0,38000.0,
2,0,39000.0,0.037189290455
2,0,40000.0,0.037189290455
2,0,41000.0,0.037189290455
2,0,42000.0,
2,0,43000.0,
2,0,44000.0,
2,0,45000.0,
2,0,46000.0,
2,0,47000.0,0.080802523713
2,0,48000.0,0.080802523713
2,0,49000.0,0.080802523713
2,0,50000.0,
2,1,5000.0,0.090883032964
2,1,6000.0,0.090883032964
2,1,7000.0,0.090883032964
2,1,8000.0,0.032253373187
2,1,9000.0,0.032253373187
2,1,10000.0,0.032253373187
2,1,11000.0,
2,1,12000.0,
2,1,13000.0,
2,1,14000.0,0.03111900621
2,1,15000.0,0.03111900621
2,1,16000.0,0.03111900621
2,1,17000.0,
2,1,18000.0,0.015655058314
2,1,19000.0,0.015655058314
2,1,20000.0,0.015655058314
2,1,21000.0,
2,1,22000.0,0.023699586997
2,1,23000.0,0.023699586997
2,1,24000.0,0.023699586997
2,1,25000.0,0.022840065375
2,1,26000.0,0.022840065375
2,1,27000.0,0.022840065375
2,1,28000.0,
2,1,29000.0,
2,1,30000.0,
2,1,31000.0,
2,1,32000.0,0.068215849622
2,1,33000.0,0.068215849622
2,1,34000.0,0.068215849622
2,1,35000.0,
2,1,36000.0,0.498185403667
2,1,37000.0,0.498185403667
2,1,38000.0,0.498185403667
2,1,39000.0,
2,1,40000.0,
2,1,41000.0,
2,1,42000.0,
2,1,43000.0,
2,1,44000.0,
2,1,45000.0,
2,1,46000.0,
2,1,47000.0,3.305636155335
2,1,48000.0,3.305636155335
2,1,49000.0,3.305636155335
2,1,50000.0,
2,2,5000.0,0.013800246219
2,2,6000.0,0.013800246219
2,2,7000.0,0.013800246219
2,2,8000.0,
2,2,9000.0,0.012469290781
2,2,10000.0,0.012469290781
2,2,11000.0,0.012469290781
2,2,12000.0,0.007453548334
2,2,13000.0,0.007453548334
2,2,14000.0,0.007453548334
2,2,15000.0,
2,2,16000.0,
2,2,17000.0,0.097734989112
2,2,18000.0,0.097734989112
2,2,19000.0,0.097734989112
2,2,20000.0,
2,2,21000.0,
2,2,22000.0,
2,2,23000.0,
2,2,24000.0,
2,2,25000.0,
2,2,26000.0,
2,2,27000.0,
2,2,28000.0,
2,2,29000.0,
2,2,30000.0,
2,2,31000.0,
2,2,32000.0,
2,2,33000.0,
2,2,34000.0,
2,2,35000.0,
2,2,36000.0,
2,2,37000.0,
2,2,38000.0,
2,2,39000.0,
2,2,40000.0,
2,2,41000.0,
2,2,42000.0,
2,2,43000.0,
2,2,44000.0,
2,2,45000.0,
2,2,46000.0,
2,2,47000.0,
2,2,48000.0,
2,2,49000.0,
2,2,50000.0,
2,4,5000.0,
2,4,6000.0,
2,4,7000.0,
2,4,8000.0,
2,4,9000.0,0.252733681516
2,4,10000.0,0.252733681516
2,4,11000.0,0.252733681516
2,4,12000.0,
2,4,13000.0,
2,4,14000.0,
2,4,15000.0,
2,4,16000.0,
2,4,17000.0,
2,4,18000.0,
2,4,19000.0,
2,4,20000.0,
2,4,21000.0,
2,4,22000.0,
2,4,23000.0,
2,4,24000.0,
2,4,25000.0,
2,4,26000.0,
2,4,27000.0,
2,4,28000.0,
2,4,29000.0,
2,4,30000.0,
2,4,31000.0,
2,4,32000.0,
2,4,33000.0,
2,4,34000.0,
2,4,35000.0,
2,4,36000.0,
2,4,37000.0,
2,4,38000.0,
2,4,39000.0,
2,4,40000.0,
2,4,41000.0,
2,4,42000.0,
2,4,43000.0,
2,4,44000.0,
2,4,45000.0,
2,4,46000.0,
2,4,47000.0,
2,4,48000.0,
2,4,49000.0,
2,4,50000.0,
2,5,5000.0,0.138384654018
2,5,6000.0,0.138384654018
2,5,7000.0,0.138384654018
2,5,8000.0,
2,5,9000.0,
2,5,10000.0,
2,5,11000.0,
2,5,12000.0,0.043808036486
2,5,13000.0,0.043808036486
2,5,14000.0,0.043808036486
2,5,15000.0,0.016066525871
2,5,16000.0,0.016066525871
2,5,17000.0,0.016066525871
2,5,18000.0,
2,5,19000.0,
2,5,20000.0,
2,5,21000.0,
2,5,22000.0,0.019180300976
2,5,23000.0,0.019180300976
2,5,24000.0,0.019180300976
2,5,25000.0,
2,5,26000.0,
2,5,27000.0,
2,5,28000.0,
2,5,29000.0,
2,5,30000.0,
2,5,31000.0,
2,5,32000.0,
2,5,33000.0,0.052423764121
2,5,34000.0,0.052423764121
2,5,35000.0,0.052423764121
2,5,36000.0,
2,5,37000.0,
2,5,38000.0,
2,5,39000.0,
2,5,40000.0,
2,5,41000.0,
2,5,42000.0,
2,5,43000.0,
2,5,44000.0,
2,5,45000.0,
2,5,46000.0,
2,5,47000.0,
2,5,48000.0,
2,5,49000.0,
2,5,50000.0,
2,6,5000.0,
2,6,6000.0,
2,6,7000.0,
2,6,8000.0,
2,6,9000.0,
2,6,10000.0,
2,6,11000.0,0.044980398082
2,6,12000.0,0.044980398082
2,6,13000.0,0.044980398082
2,6,14000.0,
2,6,15000.0,0.015082931437
2,6,16000.0,0.015082931437
2,6,17000.0,0.015082931437
2,6,18000.0,
2,6,19000.0,0.011746528922
2,6,20000.0,0.011746528922
2,6,21000.0,0.011746528922
2,6,22000.0,
2,6,23000.0,
2,6,24000.0,0.014898065182
2,6,25000.0,0.014898065182
2,6,26000.0,0.014898065182
2,6,27000.0,
2,6,28000.0,
2,6,29000.0,
2,6,30000.0,
2,6,31000.0,
2,6,32000.0,
2,6,33000.0,
2,6,34000.0,
2,6,35000.0,
2,6,36000.0,
2,6,37000.0,0.058621310273
2,6,38000.0,0.058621310273
2,6,39000.0,0.058621310273
2,6,40000.0,
2,6,41000.0,
2,6,42000.0,
2,6,43000.0,
2,6,44000.0,
2,6,45000.0,0.144688503154
2,6,46000.0,0.144688503154
2,6,47000.0,0.144688503154
2,6,48000.0,
2,6,49000.0,0.008312269797
2,6,50000.0,0.008312269797
2,7,5000.0,
2,7,6000.0,0.007932944647
2,7,7000.0,0.007932944647
2,7,8000.0,0.007932944647
2,7,9000.0,
2,7,10000.0,0.018267164766
2,7,11000.0,0.018267164766
2,7,12000.0,0.018267164766
2,7,13000.0,
2,7,14000.0,
2,7,15000.0,0.009161551592
2,7,16000.0,0.009161551592
2,7,17000.0,0.009161551592
2,7,18000.0,
2,7,19000.0,
2,7,20000.0,
2,7,21000.0,
2,7,22000.0,
2,7,23000.0,
2,7,24000.0,3.013166448485
2,7,25000.0,3.013166448485
2,7,26000.0,3.013166448485
2,7,27000.0,
2,7,28000.0,0.039618656044
2,7,29000.0,0.039618656044
2,7,30000.0,0.039618656044
2,7,31000.0,
2,7,32000.0,
2,7,33000.0,0.068037324557
2,7,34000.0,0.068037324557
2,7,35000.0,0.068037324557
2,7,36000.0,
2,7,37000.0,
2,7,38000.0,0.007593927088
2,7,39000.0,0.007593927088
2,7,40000.0,0.007593927088
2,7,41000.0,
2,7,42000.0,
2,7,43000.0,0.021034548924
2,7,44000.0,0.021034548924
2,7,45000.0,0.021034548924
2,7,46000.0,
2,7,47000.0,
2,7,48000.0,
2,7,49000.0,
2,7,50000.0,
2,8,5000.0,0.12860948352
2,8,6000.0,0.12860948352
2,8,7000.0,0.12860948352
2,8,8000.0,
2,8,9000.0,
2,8,10000.0,
2,8,11000.0,0.075330726532
2,8,12000.0,0.075330726532
2,8,13000.0,0.075330726532
2,8,14000.0,
2,8,15000.0,0.040682061065
2,8,16000.0,0.040682061065
2,8,17000.0,0.040682061065
2,8,18000.0,
2,8,19000.0,
2,8,20000.0,0.008352282234
2,8,21000.0,0.008352282234
2,8,22000.0,0.008352282234
2,8,23000.0,
2,8,24000.0,0.032030049712
2,8,25000.0,0.032030049712
2,8,26000.0,0.032030049712
2,8,27000.0,
2,8,28000.0,
2,8,29000.0,0.627407142057
2,8,30000.0,0.627407142057
2,8,31000.0,0.627407142057
2,8,32000.0,
2,8,33000.0,0.055572612197
2,8,34000.0,0.055572612197
2,8,35000.0,0.055572612197
2,8,36000.0,
2,8,37000.0,0.007571521164
2,8,38000.0,0.007571521164
2,8,39000.0,0.007571521164
2,8,40000.0,
2,8,41000.0,0.018095620881
2,8,42000.0,0.018095620881
2,8,43000.0,0.018095620881
2,8,44000.0,0.019320859755
2,8,45000.0,0.019320859755
2,8,46000.0,0.019320859755
2,8,47000.0,
2,8,48000.0,
2,8,49000.0,
2,8,50000.0,
2,9,5000.0,
2,9,6000.0,
2,9,7000.0,
2,9,8000.0,
2,9,9000.0,
2,9,10000.0,
2,9,11000.0,
2,9,12000.0,
2,9,13000.0,
2,9,14000.0,0.130459699874
2,9,15000.0,0.130459699874
2,9,16000.0,0.130459699874
2,9,17000.0,
2,9,18000.0,
2,9,19000.0,
2,9,20000.0,
2,9,21000.0,
2,9,22000.0,
2,9,23000.0,
2,9,24000.0,
2,9,25000.0,
2,9,26000.0,
2,9,27000.0,
2,9,28000.0,
2,9,29000.0,
2,9,30000.0,3.41090502511
2,9,31000.0,3.41090502511
2,9,32000.0,3.41090502511
2,9,33000.0,0.040217115788
2,9,34000.0,0.040217115788
2,9,35000.0,0.040217115788
2,9,36000.0,
2,9,37000.0,
2,9,38000.0,
2,9,39000.0,
2,9,40000.0,
2,9,41000.0,
2,9,42000.0,
2,9,43000.0,
2,9,44000.0,
2,9,45000.0,
2,9,46000.0,
2,9,47000.0,
2,9,48000.0,
2,9,49000.0,
2,9,50000.0,
2,10,5000.0,0.135953243127
2,10,6000.0,0.135953243127
2,10,7000.0,0.135953243127
2,10,8000.0,
2,10,9000.0,
2,10,10000.0,0.007891124369
2,10,11000.0,0.007891124369
2,10,12000.0,0.007891124369
2,10,13000.0,
2,10,14000.0,0.016243213932
2,10,15000.0,0.016243213932
2,10,16000.0,0.016243213932
2,10,17000.0,0.007430097081
2,10,18000.0,0.007430097081
2,10,19000.0,0.007430097081
2,10,20000.0,
2,10,21000.0,
2,10,22000.0,
2,10,23000.0,
2,10,24000.0,
2,10,25000.0,
2,10,26000.0,
2,10,27000.0,
2,10,28000.0,
2,10,29000.0,
2,10,30000.0,
2,10,31000.0,
2,10,32000.0,
2,10,33000.0,
2,10,34000.0,9.162008785518
2,10,35000.0,9.162008785518
2,10,36000.0,9.162008785518
2,10,37000.0,
2,10,38000.0,
2,10,39000.0,0.075787493428
2,10,40000.0,0.075787493428
2,10,41000.0,0.075787493428
2,10,42000.0,0.019485211495
2,10,43000.0,0.019485211495
2,10,44000.0,0.019485211495
2,10,45000.0,
2,10,46000.0,
2,10,47000.0,0.094954689148
2,10,48000.0,0.094954689148
2,10,49000.0,0.094954689148
2,10,50000.0,
2,11,5000.0,
2,11,6000.0,
2,11,7000.0,
2,11,8000.0,
2,11,9000.0,
2,11,10000.0,
2,11,11000.0,
2,11,12000.0,
2,11,13000.0,
2,11,14000.0,
2,11,15000.0,
2,11,16000.0,
2,11,17000.0,
2,11,18000.0,
2,11,19000.0,
2,11,20000.0,
2,11,21000.0,
2,11,22000.0,
2,11,23000.0,
2,11,24000.0,
2,11,25000.0,
2,11,26000.0,
2,11,27000.0,
2,11,28000.0,
2,11,29000.0,
2,11,30000.0,
2,11,31000.0,
2,11,32000.0,
2,11,33000.0,
2,11,34000.0,
2,11,35000.0,
2,11,36000.0,
2,11,37000.0,
2,11,38000.0,
2,11,39000.0,
2,11,40000.0,
2,11,41000.0,
2,11,42000.0,
2,11,43000.0,
2,11,44000.0,
2,11,45000.0,
2,11,46000.0,
2,11,47000.0,
2,11,48000.0,
2,11,49000.0,
2,11,50000.0,
2,12,5000.0,
2,12,6000.0,
2,12,7000.0,
2,12,8000.0,
2,12,9000.0,
2,12,10000.0,
2,12,11000.0,
2,12,12000.0,
2,12,13000.0,
2,12,14000.0,
2,12,15000.0,
2,12,16000.0,
2,12,17000.0,
2,12,18000.0,
2,12,19000.0,
2,12,20000.0,
2,12,21000.0,
2,12,22000.0,
2,12,23000.0,
2,12,24000.0,
2,12,25000.0,
2,12,26000.0,
2,12,27000.0,
2,12,28000.0,
2,12,29000.0,
2,12,30000.0,
2,12,31000.0,
2,12,32000.0,21.070909253901
2,12,33000.0,21.070909253901
2,12,34000.0,21.070909253901
2,12,35000.0,
2,12,36000.0,0.021363241167
2,12,37000.0,0.021363241167
2,12,38000.0,0.021363241167
2,12,39000.0,
2,12,40000.0,0.019483899726
2,12,41000.0,0.019483899726
2,12,42000.0,0.019483899726
2,12,43000.0,
2,12,44000.0,
2,12,45000.0,
2,12,46000.0,
2,12,47000.0,
2,12,48000.0,
2,12,49000.0,
2,12,50000.0,
2,13,5000.0,0.085144021092
2,13,6000.0,0.085144021092
2,13,7000.0,0.085144021092
2,13,8000.0,
2,13,9000.0,
2,13,10000.0,0.075833394496
2,13,11000.0,0.075833394496
2,13,12000.0,0.075833394496
2,13,13000.0,0.019307928764
2,13,14000.0,0.019307928764
2,13,15000.0,0.019307928764
2,13,16000.0,
2,13,17000.0,
2,13,18000.0,
2,13,19000.0,
2,13,20000.0,
2,13,21000.0,
2,13,22000.0,
2,13,23000.0,
2,13,24000.0,
2,13,25000.0,
2,13,26000.0,
2,13,27000.0,0.04367963281
2,13,28000.0,0.04367963281
2,13,29000.0,0.04367963281
2,13,30000.0,0.019794036906
2,13,31000.0,0.019794036906
2,13,32000.0,0.019794036906
2,13,33000.0,
2,13,34000.0,
2,13,35000.0,
2,13,36000.0,
2,13,37000.0,
2,13,38000.0,0.009333048538
2,13,39000.0,0.009333048538
2,13,40000.0,0.009333048538
2,13,41000.0,
2,13,42000.0,
2,13,43000.0,
2,13,44000.0,
2,13,45000.0,
2,13,46000.0,
2,13,47000.0,
2,13,48000.0,
2,13,49000.0,
2,13,50000.0,
2,14,5000.0,
2,14,6000.0,
2,14,7000.0,
2,14,8000.0,
2,14,9000.0,0.043698166348
2,14,10000.0,0.043698166348
2,14,11000.0,0.043698166348
2,14,12000.0,
2,14,13000.0,
2,14,14000.0,0.106323781221
2,14,15000.0,0.106323781221
2,14,16000.0,0.106323781221
2,14,17000.0,
2,14,18000.0,0.009722924497
2,14,19000.0,0.009722924497
2,14,20000.0,0.009722924497
2,14,21000.0,
2,14,22000.0,
2,14,23000.0,
2,14,24000.0,
2,14,25000.0,
2,14,26000.0,
2,14,27000.0,
2,14,28000.0,
2,14,29000.0,
2,14,30000.0,
2,14,31000.0,
2,14,32000.0,
2,14,33000.0,
2,14,34000.0,
2,14,35000.0,
2,14,36000.0,
2,14,37000.0,
2,14,38000.0,
2,14,39000.0,
2,14,40000.0,
2,14,41000.0,
2,14,42000.0,
2,14,43000.0,
2,14,44000.0,
2,14,45000.0,
2,14,46000.0,
2,14,47000.0,
2,14,48000.0,
2,14,49000.0,
2,14,50000.0,
2,15,5000.0,
2,15,6000.0,
2,15,7000.0,
2,15,8000.0,
2,15,9000.0,
2,15,10000.0,
2,15,11000.0,
2,15,12000.0,
2,15,13000.0,
2,15,14000.0,
2,15,15000.0,
2,15,16000.0,
2,15,17000.0,
2,15,18000.0,
2,15,19000.0,
2,15,20000.0,
2,15,21000.0,
2,15,22000.0,
2,15,23000.0,9.368746934417
2,15,24000.0,9.368746934417
2,15,25000.0,9.368746934417
2,15,26000.0,
2,15,27000.0,
2,15,28000.0,
2,15,29000.0,
2,15,30000.0,
2,15,31000.0,
2,15,32000.0,
2,15,33000.0,
2,15,34000.0,
2,15,35000.0,
2,15,36000.0,
2,15,37000.0,
2,15,38000.0,
2,15,39000.0,
2,15,40000.0,0.422701006713
2,15,41000.0,0.422701006713
2,15,42000.0,0.422701006713
2,15,43000.0,
2,15,44000.0,
2,15,45000.0,
2,15,46000.0,0.163418344498
2,15,47000.0,0.163418344498
2,15,48000.0,0.163418344498
2,15,49000.0,
2,15,50000.0,
2,16,5000.0,0.137855502811
2,16,6000.0,0.137855502811
2,16,7000.0,0.137855502811
2,16,8000.0,0.115357537946
2,16,9000.0,0.115357537946
2,16,10000.0,0.115357537946
2,16,11000.0,
2,16,12000.0,
2,16,13000.0,
2,16,14000.0,
2,16,15000.0,
2,16,16000.0,
2,16,17000.0,
2,16,18000.0,
2,16,19000.0,
2,16,20000.0,
2,16,21000.0,
2,16,22000.0,0.284583063421
2,16,23000.0,0.284583063421
2,16,24000.0,0.284583063421
2,16,25000.0,
2,16,26000.0,
2,16,27000.0,
2,16,28000.0,0.024577095702
2,16,29000.0,0.024577095702
2,16,30000.0,0.024577095702
2,16,31000.0,
2,16,32000.0,
2,16,33000.0,
2,16,34000.0,
2,16,35000.0,
2,16,36000.0,
2,16,37000.0,
2,16,38000.0,
2,16,39000.0,
2,16,40000.0,
2,16,41000.0,
2,16,42000.0,
2,16,43000.0,
2,16,44000.0,
2,16,45000.0,
2,16,46000.0,
2,16,47000.0,
2,16,48000.0,3.01622132074
2,16,49000.0,3.01622132074
2,16,50000.0,3.01622132074
2,17,5000.0,0.044766870613
2,17,6000.0,0.044766870613
2,17,7000.0,0.044766870613
2,17,8000.0,0.035646425422
2,17,9000.0,0.035646425422
2,17,10000.0,0.035646425422
2,17,11000.0,
2,17,12000.0,
2,17,13000.0,
2,17,14000.0,
2,17,15000.0,
2,17,16000.0,
2,17,17000.0,
2,17,18000.0,
2,17,19000.0,
2,17,20000.0,
2,17,21000.0,0.137677400122
2,17,22000.0,0.137677400122
2,17,23000.0,0.137677400122
2,17,24000.0,
2,17,25000.0,
2,17,26000.0,
2,17,27000.0,
2,17,28000.0,
2,17,29000.0,
2,17,30000.0,
2,17,31000.0,
2,17,32000.0,
2,17,33000.0,
2,17,34000.0,
2,17,35000.0,0.077640291072
2,17,36000.0,0.077640291072
2,17,37000.0,0.077640291072
2,17,38000.0,
2,17,39000.0,0.118663363829
2,17,40000.0,0.118663363829
2,17,41000.0,0.118663363829
2,17,42000.0,
2,17,43000.0,
2,17,44000.0,
2,17,45000.0,
2,17,46000.0,
2,17,47000.0,
2,17,48000.0,
2,17,49000.0,
2,17,50000.0,
2,18,5000.0,0.08314763466
2,18,6000.0,0.08314763466
2,18,7000.0,0.08314763466
2,18,8000.0,
2,18,9000.0,0.041205078705
2,18,10000.0,0.041205078705
2,18,11000.0,0.041205078705
2,18,12000.0,
2,18,13000.0,
2,18,14000.0,
2,18,15000.0,
2,18,16000.0,
2,18,17000.0,
2,18,18000.0,
2,18,19000.0,
2,18,20000.0,
2,18,21000.0,
2,18,22000.0,
2,18,23000.0,
2,18,24000.0,
2,18,25000.0,
2,18,26000.0,
2,18,27000.0,
2,18,28000.0,
2,18,29000.0,
2,18,30000.0,
2,18,31000.0,
2,18,32000.0,
2,18,33000.0,
2,18,34000.0,
2,18,35000.0,
2,18,36000.0,
2,18,37000.0,
2,18,38000.0,
2,18,39000.0,
2,18,40000.0,
2,18,41000.0,
2,18,42000.0,
2,18,43000.0,
2,18,44000.0,
2,18,45000.0,
2,18,46000.0,
2,18,47000.0,
2,18,48000.0,
2,18,49000.0,
2,18,50000.0,
2,19,5000.0,
2,19,6000.0,
2,19,7000.0,
2,19,8000.0,
2,19,9000.0,
2,19,10000.0,
2,19,11000.0,
2,19,12000.0,
2,19,13000.0,
2,19,14000.0,
2,19,15000.0,
2,19,16000.0,
2,19,17000.0,
2,19,18000.0,
2,19,19000.0,
2,19,20000.0,
2,19,21000.0,
2,19,22000.0,
2,19,23000.0,0.164664000068
2,19,24000.0,0.164664000068
2,19,25000.0,0.164664000068
2,19,26000.0,
2,19,27000.0,
2,19,28000.0,
2,19,29000.0,
2,19,30000.0,
2,19,31000.0,
2,19,32000.0,
2,19,33000.0,
2,19,34000.0,
2,19,35000.0,
2,19,36000.0,
2,19,37000.0,
2,19,38000.0,
2,19,39000.0,
2,19,40000.0,
2,19,41000.0,
2,19,42000.0,
2,19,43000.0,
2,19,44000.0,
2,19,45000.0,
2,19,46000.0,
2,19,47000.0,
2,19,48000.0,
2,19,49000.0,
2,19,50000.0,
2,20,5000.0,
2,20,6000.0,
2,20,7000.0,
2,20,8000.0,
2,20,9000.0,
2,20,10000.0,
2,20,11000.0,
2,20,12000.0,
2,20,13000.0,
2,20,14000.0,
2,20,15000.0,
2,20,16000.0,
2,20,17000.0,
2,20,18000.0,
2,20,19000.0,
2,20,20000.0,
2,20,21000.0,
2,20,22000.0,
2,20,23000.0,
2,20,24000.0,
2,20,25000.0,
2,20,26000.0,
2,20,27000.0,
2,20,28000.0,
2,20,29000.0,
2,20,30000.0,
2,20,31000.0,
2,20,32000.0,
2,20,33000.0,
2,20,34000.0,
2,20,35000.0,
2,20,36000.0,
2,20,37000.0,
2,20,38000.0,
2,20,39000.0,
2,20,40000.0,
2,20,41000.0,
2,20,42000.0,
2,20,43000.0,
2,20,44000.0,
2,20,45000.0,
2,20,46000.0,
2,20,47000.0,
2,20,48000.0,
2,20,49000.0,
2,20,50000.0,
2,21,5000.0,
2,21,6000.0,
2,21,7000.0,
2,21,8000.0,
2,21,9000.0,
2,21,10000.0,
2,21,11000.0,
2,21,12000.0,
2,21,13000.0,
2,21,14000.0,
2,21,15000.0,
2,21,16000.0,
2,21,17000.0,
2,21,18000.0,
2,21,19000.0,
2,21,20000.0,9.045189196536
2,21,21000.0,9.045189196536
2,21,22000.0,9.045189196536
2,21,23000.0,
2,21,24000.0,
2,21,25000.0,
2,21,26000.0,
2,21,27000.0,
2,21,28000.0,
2,21,29000.0,
2,21,30000.0,
2,21,31000.0,
2,21,32000.0,
2,21,33000.0,
2,21,34000.0,0.022060261207
2,21,35000.0,0.022060261207
2,21,36000.0,0.022060261207
2,21,37000.0,
2,21,38000.0,
2,21,39000.0,
2,21,40000.0,
2,21,41000.0,
2,21,42000.0,0.170561395606
2,21,43000.0,0.170561395606
2,21,44000.0,0.170561395606
2,21,45000.0,
2,21,46000.0,0.050558436872
2,21,47000.0,0.050558436872
2,21,48000.0,0.050558436872
2,21,49000.0,
2,21,50000.0,
2,22,5000.0,
2,22,6000.0,
2,22,7000.0,
2,22,8000.0,
2,22,9000.0,
2,22,10000.0,
2,22,11000.0,
2,22,12000.0,
2,22,13000.0,
2,22,14000.0,
2,22,15000.0,
2,22,16000.0,
2,22,17000.0,
2,22,18000.0,
2,22,19000.0,
2,22,20000.0,
2,22,21000.0,
2,22,22000.0,
2,22,23000.0,
2,22,24000.0,
2,22,25000.0,
2,22,26000.0,
2,22,27000.0,
2,22,28000.0,
2,22,29000.0,
2,22,30000.0,
2,22,31000.0,
2,22,32000.0,
2,22,33000.0,
2,22,34000.0,
2,22,35000.0,
2,22,36000.0,
2,22,37000.0,
2,22,38000.0,
2,22,39000.0,
2,22,40000.0,
2,22,41000.0,
2,22,42000.0,
2,22,43000.0,
2,22,44000.0,
2,22,45000.0,
2,22,46000.0,
2,22,47000.0,0.012751137511
2,22,48000.0,0.012751137511
2,22,49000.0,0.012751137511
2,22,50000.0,
2,23,5000.0,
2,23,6000.0,
2,23,7000.0,
2,23,8000.0,3.023696317327
2,23,9000.0,3.023696317327
2,23,10000.0,3.023696317327
2,23,11000.0,
2,23,12000.0,
2,23,13000.0,
2,23,14000.0,
2,23,15000.0,
2,23,16000.0,
2,23,17000.0,
2,23,18000.0,
2,23,19000.0,
2,23,20000.0,
2,23,21000.0,
2,23,22000.0,
2,23,23000.0,
2,23,24000.0,3.019302518514
2,23,25000.0,3.019302518514
2,23,26000.0,3.019302518514
2,23,27000.0,
2,23,28000.0,
2,23,29000.0,0.087960908862
2,23,30000.0,0.087960908862
2,23,31000.0,0.087960908862
2,23,32000.0,
2,23,33000.0,
2,23,34000.0,0.012558717346
2,23,35000.0,0.012558717346
2,23,36000.0,0.012558717346
2,23,37000.0,
2,23,38000.0,
2,23,39000.0,
2,23,40000.0,
2,23,41000.0,
2,23,42000.0,
2,23,43000.0,
2,23,44000.0,0.210954651551
2,23,45000.0,0.210954651551
2,23,46000.0,0.210954651551
2,23,47000.0,
2,23,48000.0,0.023138239398
2,23,49000.0,0.023138239398
2,23,50000.0,0.023138239398
2,24,5000.0,
2,24,6000.0,
2,24,7000.0,
2,24,8000.0,
2,24,9000.0,
2,24,10000.0,
2,24,11000.0,
2,24,12000.0,
2,24,13000.0,
2,24,14000.0,
2,24,15000.0,
2,24,16000.0,
2,24,17000.0,
2,24,18000.0,
2,24,19000.0,
2,24,20000.0,
2,24,21000.0,
2,24,22000.0,
2,24,23000.0,
2,24,24000.0,
2,24,25000.0,
2,24,26000.0,
2,24,27000.0,
2,24,28000.0,
2,24,29000.0,
2,24,30000.0,
2,24,31000.0,
2,24,32000.0,
2,24,33000.0,
2,24,34000.0,
2,24,35000.0,
2,24,36000.0,
2,24,37000.0,
2,24,38000.0,
2,24,39000.0,
2,24,40000.0,
2,24,41000.0,
2,24,42000.0,
2,24,43000.0,
2,24,44000.0,
2,24,45000.0,
2,24,46000.0,
2,24,47000.0,
2,24,48000.0,
2,24,49000.0,
2,24,50000.0,
3,0,5000.0,0.045038617038
3,0,6000.0,0.045038617038
3,0,7000.0,0.045038617038
3,0,8000.0,
3,0,9000.0,
3,0,10000.0,
3,0,11000.0,
3,0,12000.0,
3,0,13000.0,
3,0,14000.0,
3,0,15000.0,
3,0,16000.0,
3,0,17000.0,
3,0,18000.0,
3,0,19000.0,
3,0,20000.0,
3,0,21000.0,
3,0,22000.0,
3,0,23000.0,
3,0,24000.0,
3,0,25000.0,
3,0,26000.0,
3,0,27000.0,
3,0,28000.0,
3,0,29000.0,
3,0,30000.0,
3,0,31000.0,
3,0,32000.0,
3,0,33000.0,
3,0,34000.0,
3,0,35000.0,
3,0,36000.0,
3,0,37000.0,
3,0,38000.0,
3,0,39000.0,
3,0,40000.0,
3,0,41000.0,
3,0,42000.0,
3,0,43000.0,
3,0,44000.0,
3,0,45000.0,
3,0,46000.0,
3,0,47000.0,
3,0,48000.0,
3,0,49000.0,
3,0,50000.0,
3,1,5000.0,
3,1,6000.0,
3,1,7000.0,
3,1,8000.0,
3,1,9000.0,
3,1,10000.0,
3,1,11000.0,
3,1,12000.0,
3,1,13000.0,
3,1,14000.0,
3,1,15000.0,
3,1,16000.0,
3,1,17000.0,9.188493218497
3,1,18000.0,9.188493218497
3,1,19000.0,9.188493218497
3,1,20000.0,
3,1,21000.0,
3,1,22000.0,
3,1,23000.0,
3,1,24000.0,
3,1,25000.0,
3,1,26000.0,
3,1,27000.0,
3,1,28000.0,0.021021476594
3,1,29000.0,0.021021476594
3,1,30000.0,0.021021476594
3,1,31000.0,
3,1,32000.0,
3,1,33000.0,0.027305679234
3,1,34000.0,0.027305679234
3,1,35000.0,0.027305679234
3,1,36000.0,0.090163697722
3,1,37000.0,0.090163697722
3,1,38000.0,0.090163697722
3,1,39000.0,
3,1,40000.0,
3,1,41000.0,
3,1,42000.0,
3,1,43000.0,
3,1,44000.0,0.022446505942
3,1,45000.0,0.022446505942
3,1,46000.0,0.022446505942
3,1,47000.0,
3,1,48000.0,0.149056920668
3,1,49000.0,0.149056920668
3,1,50000.0,0.149056920668
3,2,5000.0,0.059611324936
3,2,6000.0,0.059611324936
3,2,7000.0,0.059611324936
3,2,8000.0,
3,2,9000.0,
3,2,10000.0,0.007490228806
3,2,11000.0,0.007490228806
3,2,12000.0,0.007490228806
3,2,13000.0,0.008331391582
3,2,14000.0,0.008331391582
3,2,15000.0,0.008331391582
3,2,16000.0,
3,2,17000.0,
3,2,18000.0,0.015856787748
3,2,19000.0,0.015856787748
3,2,20000.0,0.015856787748
3,2,21000.0,
3,2,22000.0,
3,2,23000.0,
3,2,24000.0,
3,2,25000.0,
3,2,26000.0,
3,2,27000.0,
3,2,28000.0,
3,2,29000.0,
3,2,30000.0,
3,2,31000.0,
3,2,32000.0,
3,2,33000.0,
3,2,34000.0,
3,2,35000.0,
3,2,36000.0,
3,2,37000.0,
3,2,38000.0,
3,2,39000.0,
3,2,40000.0,
3,2,41000.0,
3,2,42000.0,
3,2,43000.0,
3,2,44000.0,0.102459775035
3,2,45000.0,0.102459775035
3,2,46000.0,0.102459775035
3,2,47000.0,
3,2,48000.0,
3,2,49000.0,
3,2,50000.0,
3,4,5000.0,0.114272087631
3,4,6000.0,0.114272087631
3,4,7000.0,0.114272087631
3,4,8000.0,
3,4,9000.0,0.033654082227
3,4,10000.0,0.033654082227
3,4,11000.0,0.033654082227
3,4,12000.0,
3,4,13000.0,0.038637260103
3,4,14000.0,0.038637260103
3,4,15000.0,0.038637260103
3,4,16000.0,
3,4,17000.0,
3,4,18000.0,0.046426844242
3,4,19000.0,0.046426844242
3,4,20000.0,0.046426844242
3,4,21000.0,
3,4,22000.0,
3,4,23000.0,
3,4,24000.0,
3,4,25000.0,
3,4,26000.0,
3,4,27000.0,
3,4,28000.0,
3,4,29000.0,
3,4,30000.0,
3,4,31000.0,
3,4,32000.0,
3,4,33000.0,
3,4,34000.0,
3,4,35000.0,
3,4,36000.0,
3,4,37000.0,
3,4,38000.0,
3,4,39000.0,
3,4,40000.0,
3,4,41000.0,
3,4,42000.0,
3,4,43000.0,
3,4,44000.0,
3,4,45000.0,
3,4,46000.0,
3,4,47000.0,
3,4,48000.0,
3,4,49000.0,
3,4,50000.0,
3,5,5000.0,
3,5,6000.0,
3,5,7000.0,
3,5,8000.0,
3,5,9000.0,
3,5,10000.0,
3,5,11000.0,
3,5,12000.0,
3,5,13000.0,
3,5,14000.0,
3,5,15000.0,
3,5,16000.0,
3,5,17000.0,
3,5,18000.0,
3,5,19000.0,
3,5,20000.0,
3,5,21000.0,
3,5,22000.0,
3,5,23000.0,
3,5,24000.0,
3,5,25000.0,
3,5,26000.0,
3,5,27000.0,
3,5,28000.0,
3,5,29000.0,
3,5,30000.0,
3,5,31000.0,
3,5,32000.0,
3,5,33000.0,
3,5,34000.0,
3,5,35000.0,
3,5,36000.0,
3,5,37000.0,
3,5,38000.0,
3,5,39000.0,
3,5,40000.0,
3,5,41000.0,
3,5,42000.0,
3,5,43000.0,
3,5,44000.0,
3,5,45000.0,
3,5,46000.0,
3,5,47000.0,
3,5,48000.0,
3,5,49000.0,
3,5,50000.0,
3,6,5000.0,
3,6,6000.0,
3,6,7000.0,0.007893382141
3,6,8000.0,0.007893382141
3,6,9000.0,0.007893382141
3,6,10000.0,
3,6,11000.0,0.025971880294
3,6,12000.0,0.025971880294
3,6,13000.0,0.025971880294
3,6,14000.0,
3,6,15000.0,
3,6,16000.0,
3,6,17000.0,
3,6,18000.0,
3,6,19000.0,
3,6,20000.0,
3,6,21000.0,3.055402256682
3,6,22000.0,3.055402256682
3,6,23000.0,3.055402256682
3,6,24000.0,
3,6,25000.0,
3,6,26000.0,
3,6,27000.0,
3,6,28000.0,
3,6,29000.0,
3,6,30000.0,
3,6,31000.0,
3,6,32000.0,
3,6,33000.0,
3,6,34000.0,
3,6,35000.0,
3,6,36000.0,
3,6,37000.0,
3,6,38000.0,
3,6,39000.0,
3,6,40000.0,
3,6,41000.0,
3,6,42000.0,
3,6,43000.0,
3,6,44000.0,
3,6,45000.0,
3,6,46000.0,
3,6,47000.0,
3,6,48000.0,
3,6,49000.0,
3,6,50000.0,
3,7,5000.0,
3,7,6000.0,
3,7,7000.0,
3,7,8000.0,3.006469941743
3,7,9000.0,3.006469941743
3,7,10000.0,3.006469941743
3,7,11000.0,
3,7,12000.0,0.008533492109
3,7,13000.0,0.008533492109
3,7,14000.0,0.008533492109
3,7,15000.0,
3,7,16000.0,
3,7,17000.0,0.013125678498
3,7,18000.0,0.013125678498
3,7,19000.0,0.013125678498
3,7,20000.0,
3,7,21000.0,
3,7,22000.0,0.064282944553
3,7,23000.0,0.064282944553
3,7,24000.0,0.064282944553
3,7,25000.0,0.008292045754
3,7,26000.0,0.008292045754
3,7,27000.0,0.008292045754
3,7,28000.0,
3,7,29000.0,
3,7,30000.0,0.0725546897
3,7,31000.0,0.0725546897
3,7,32000.0,0.0725546897
3,7,33000.0,
3,7,34000.0,0.008351103344
3,7,35000.0,0.008351103344
3,7,36000.0,0.008351103344
3,7,37000.0,
3,7,38000.0,
3,7,39000.0,0.007790614729
3,7,40000.0,0.007790614729
3,7,41000.0,0.007790614729
3,7,42000.0,
3,7,43000.0,0.009168541897
3,7,44000.0,0.009168541897
3,7,45000.0,0.009168541897
3,7,46000.0,0.008680019165
3,7,47000.0,0.008680019165
3,7,48000.0,0.008680019165
3,7,49000.0,
3,7,50000.0,0.008769721573
3,8,5000.0,
3,8,6000.0,
3,8,7000.0,
3,8,8000.0,
3,8,9000.0,
3,8,10000.0,
3,8,11000.0,
3,8,12000.0,
3,8,13000.0,
3,8,14000.0,
3,8,15000.0,
3,8,16000.0,
3,8,17000.0,
3,8,18000.0,
3,8,19000.0,
3,8,20000.0,
3,8,21000.0,
3,8,22000.0,
3,8,23000.0,0.214065912318
3,8,24000.0,0.214065912318
3,8,25000.0,0.214065912318
3,8,26000.0,
3,8,27000.0,
3,8,28000.0,0.064258783711
3,8,29000.0,0.064258783711
3,8,30000.0,0.064258783711
3,8,31000.0,
3,8,32000.0,
3,8,33000.0,
3,8,34000.0,
3,8,35000.0,
3,8,36000.0,
3,8,37000.0,
3,8,38000.0,
3,8,39000.0,
3,8,40000.0,
3,8,41000.0,
3,8,42000.0,
3,8,43000.0,
3,8,44000.0,
3,8,45000.0,
3,8,46000.0,
3,8,47000.0,
3,8,48000.0,
3,8,49000.0,
3,8,50000.0,
3,9,5000.0,
3,9,6000.0,
3,9,7000.0,
3,9,8000.0,
3,9,9000.0,
3,9,10000.0,
3,9,11000.0,
3,9,12000.0,
3,9,13000.0,
3,9,14000.0,
3,9,15000.0,
3,9,16000.0,
3,9,17000.0,
3,9,18000.0,
3,9,19000.0,
3,9,20000.0,
3,9,21000.0,
3,9,22000.0,
3,9,23000.0,
3,9,24000.0,
3,9,25000.0,
3,9,26000.0,
3,9,27000.0,
3,9,28000.0,
3,9,29000.0,
3,9,30000.0,
3,9,31000.0,
3,9,32000.0,
3,9,33000.0,
3,9,34000.0,
3,9,35000.0,
3,9,36000.0,
3,9,37000.0,
3,9,38000.0,
3,9,39000.0,
3,9,40000.0,
3,9,41000.0,
3,9,42000.0,
3,9,43000.0,
3,9,44000.0,
3,9,45000.0,
3,9,46000.0,
3,9,47000.0,
3,9,48000.0,
3,9,49000.0,
3,9,50000.0,
3,10,5000.0,
3,10,6000.0,
3,10,7000.0,
3,10,8000.0,
3,10,9000.0,
3,10,10000.0,
3,10,11000.0,
3,10,12000.0,
3,10,13000.0,
3,10,14000.0,9.154145907607
3,10,15000.0,9.154145907607
3,10,16000.0,9.154145907607
3,10,17000.0,
3,10,18000.0,0.107627426244
3,10,19000.0,0.107627426244
3,10,20000.0,0.107627426244
3,10,21000.0,
3,10,22000.0,
3,10,23000.0,
3,10,24000.0,
3,10,25000.0,
3,10,26000.0,
3,10,27000.0,
3,10,28000.0,
3,10,29000.0,
3,10,30000.0,
3,10,31000.0,
3,10,32000.0,
3,10,33000.0,
3,10,34000.0,
3,10,35000.0,
3,10,36000.0,
3,10,37000.0,
3,10,38000.0,
3,10,39000.0,
3,10,40000.0,
3,10,41000.0,
3,10,42000.0,
3,10,43000.0,
3,10,44000.0,
3,10,45000.0,
3,10,46000.0,
3,10,47000.0,
3,10,48000.0,
3,10,49000.0,
3,10,50000.0,
3,11,5000.0,0.355386181458
3,11,6000.0,0.355386181458
3,11,7000.0,0.355386181458
3,11,8000.0,
3,11,9000.0,
3,11,10000.0,
3,11,11000.0,
3,11,12000.0,
3,11,13000.0,
3,11,14000.0,
3,11,15000.0,
3,11,16000.0,
3,11,17000.0,
3,11,18000.0,
3,11,19000.0,
3,11,20000.0,
3,11,21000.0,
3,11,22000.0,
3,11,23000.0,
3,11,24000.0,
3,11,25000.0,
3,11,26000.0,
3,11,27000.0,
3,11,28000.0,
3,11,29000.0,
3,11,30000.0,
3,11,31000.0,
3,11,32000.0,
3,11,33000.0,0.026284580897
3,11,34000.0,0.026284580897
3,11,35000.0,0.026284580897
3,11,36000.0,
3,11,37000.0,
3,11,38000.0,
3,11,39000.0,
3,11,40000.0,
3,11,41000.0,
3,11,42000.0,
3,11,43000.0,0.212051534099
3,11,44000.0,0.212051534099
3,11,45000.0,0.212051534099
3,11,46000.0,
3,11,47000.0,
3,11,48000.0,0.131857791883
3,11,49000.0,0.131857791883
3,11,50000.0,0.131857791883
3,12,5000.0,
3,12,6000.0,
3,12,7000.0,
3,12,8000.0,
3,12,9000.0,
3,12,10000.0,
3,12,11000.0,
3,12,12000.0,
3,12,13000.0,
3,12,14000.0,
3,12,15000.0,
3,12,16000.0,
3,12,17000.0,
3,12,18000.0,
3,12,19000.0,
3,12,20000.0,
3,12,21000.0,
3,12,22000.0,
3,12,23000.0,0.217755749117
3,12,24000.0,0.217755749117
3,12,25000.0,0.217755749117
3,12,26000.0,
3,12,27000.0,
3,12,28000.0,
3,12,29000.0,
3,12,30000.0,
3,12,31000.0,
3,12,32000.0,
3,12,33000.0,
3,12,34000.0,
3,12,35000.0,
3,12,36000.0,
3,12,37000.0,
3,12,38000.0,
3,12,39000.0,
3,12,40000.0,
3,12,41000.0,
3,12,42000.0,
3,12,43000.0,
3,12,44000.0,
3,12,45000.0,
3,12,46000.0,
3,12,47000.0,
3,12,48000.0,
3,12,49000.0,
3,12,50000.0,
3,13,5000.0,0.42466628785
3,13,6000.0,0.42466628785
3,13,7000.0,0.42466628785
3,13,8000.0,
3,13,9000.0,
3,13,10000.0,0.040760231156
3,13,11000.0,0.040760231156
3,13,12000.0,0.040760231156
3,13,13000.0,
3,13,14000.0,0.025390068561
3,13,15000.0,0.025390068561
3,13,16000.0,0.025390068561
3,13,17000.0,0.020801902483
3,13,18000.0,0.020801902483
3,13,19000.0,0.020801902483
3,13,20000.0,
3,13,21000.0,
3,13,22000.0,
3,13,23000.0,
3,13,24000.0,
3,13,25000.0,
3,13,26000.0,
3,13,27000.0,
3,13,28000.0,
3,13,29000.0,
3,13,30000.0,
3,13,31000.0,
3,13,32000.0,
3,13,33000.0,
3,13,34000.0,
3,13,35000.0,
3,13,36000.0,
3,13,37000.0,
3,13,38000.0,
3,13,39000.0,
3,13,40000.0,
3,13,41000.0,
3,13,42000.0,0.048690912153
3,13,43000.0,0.048690912153
3,13,44000.0,0.048690912153
3,13,45000.0,
3,13,46000.0,
3,13,47000.0,
3,13,48000.0,
3,13,49000.0,
3,13,50000.0,
3,14,5000.0,
3,14,6000.0,
3,14,7000.0,
3,14,8000.0,
3,14,9000.0,
3,14,10000.0,
3,14,11000.0,
3,14,12000.0,
3,14,13000.0,
3,14,14000.0,
3,14,15000.0,
3,14,16000.0,
3,14,17000.0,
3,14,18000.0,
3,14,19000.0,
3,14,20000.0,
3,14,21000.0,
3,14,22000.0,
3,14,23000.0,
3,14,24000.0,
3,14,25000.0,
3,14,26000.0,
3,14,27000.0,
3,14,28000.0,
3,14,29000.0,
3,14,30000.0,
3,14,31000.0,
3,14,32000.0,
3,14,33000.0,
3,14,34000.0,
3,14,35000.0,
3,14,36000.0,
3,14,37000.0,
3,14,38000.0,
3,14,39000.0,
3,14,40000.0,
3,14,41000.0,
3,14,42000.0,
3,14,43000.0,
3,14,44000.0,
3,14,45000.0,
3,14,46000.0,
3,14,47000.0,
3,14,48000.0,
3,14,49000.0,
3,14,50000.0,
3,15,5000.0,0.455596706348
3,15,6000.0,0.455596706348
3,15,7000.0,0.455596706348
3,15,8000.0,
3,15,9000.0,
3,15,10000.0,
3,15,11000.0,
3,15,12000.0,0.149903116933
3,15,13000.0,0.149903116933
3,15,14000.0,0.149903116933
3,15,15000.0,
3,15,16000.0,
3,15,17000.0,
3,15,18000.0,
3,15,19000.0,
3,15,20000.0,
3,15,21000.0,
3,15,22000.0,
3,15,23000.0,
3,15,24000.0,
3,15,25000.0,
3,15,26000.0,
3,15,27000.0,
3,15,28000.0,9.096115837215
3,15,29000.0,9.096115837215
3,15,30000.0,9.096115837215
3,15,31000.0,
3,15,32000.0,
3,15,33000.0,
3,15,34000.0,
3,15,35000.0,
3,15,36000.0,
3,15,37000.0,
3,15,38000.0,
3,15,39000.0,
3,15,40000.0,
3,15,41000.0,
3,15,42000.0,
3,15,43000.0,
3,15,44000.0,
3,15,45000.0,12.450690957694
3,15,46000.0,12.450690957694
3,15,47000.0,12.450690957694
3,15,48000.0,
3,15,49000.0,
3,15,50000.0,
3,16,5000.0,
3,16,6000.0,
3,16,7000.0,
3,16,8000.0,
3,16,9000.0,
3,16,10000.0,
3,16,11000.0,
3,16,12000.0,
3,16,13000.0,
3,16,14000.0,0.056676674187
3,16,15000.0,0.056676674187
3,16,16000.0,0.056676674187
3,16,17000.0,
3,16,18000.0,0.102638704167
3,16,19000.0,0.102638704167
3,16,20000.0,0.102638704167
3,16,21000.0,
3,16,22000.0,
3,16,23000.0,
3,16,24000.0,
3,16,25000.0,
3,16,26000.0,
3,16,27000.0,
3,16,28000.0,
3,16,29000.0,
3,16,30000.0,
3,16,31000.0,
3,16,32000.0,
3,16,33000.0,
3,16,34000.0,
3,16,35000.0,
3,16,36000.0,
3,16,37000.0,
3,16,38000.0,
3,16,39000.0,
3,16,40000.0,
3,16,41000.0,
3,16,42000.0,
3,16,43000.0,
3,16,44000.0,0.032021822922
3,16,45000.0,0.032021822922
3,16,46000.0,0.032021822922
3,16,47000.0,
3,16,48000.0,
3,16,49000.0,
3,16,50000.0,
3,17,5000.0,
3,17,6000.0,
3,17,7000.0,
3,17,8000.0,
3,17,9000.0,
3,17,10000.0,
3,17,11000.0,
3,17,12000.0,
3,17,13000.0,
3,17,14000.0,
3,17,15000.0,
3,17,16000.0,
3,17,17000.0,
3,17,18000.0,
3,17,19000.0,
3,17,20000.0,
3,17,21000.0,
3,17,22000.0,
3,17,23000.0,0.031831814812
3,17,24000.0,0.031831814812
3,17,25000.0,0.031831814812
3,17,26000.0,0.008842364694
3,17,27000.0,0.008842364694
3,17,28000.0,0.008842364694
3,17,29000.0,
3,17,30000.0,
3,17,31000.0,
3,17,32000.0,
3,17,33000.0,
3,17,34000.0,
3,17,35000.0,
3,17,36000.0,0.023599222361
3,17,37000.0,0.023599222361
3,17,38000.0,0.023599222361
3,17,39000.0,
3,17,40000.0,0.009529170718
3,17,41000.0,0.009529170718
3,17,42000.0,0.009529170718
3,17,43000.0,
3,17,44000.0,0.008170934752
3,17,45000.0,0.008170934752
3,17,46000.0,0.008170934752
3,17,47000.0,0.008030825511
3,17,48000.0,0.008030825511
3,17,49000.0,0.008030825511
3,17,50000.0,
3,18,5000.0,0.335400154721
3,18,6000.0,0.335400154721
3,18,7000.0,0.335400154721
3,18,8000.0,
3,18,9000.0,
3,18,10000.0,
3,18,11000.0,
3,18,12000.0,0.268918670459
3,18,13000.0,0.268918670459
3,18,14000.0,0.268918670459
3,18,15000.0,
3,18,16000.0,
3,18,17000.0,
3,18,18000.0,
3,18,19000.0,0.0614254801
3,18,20000.0,0.0614254801
3,18,21000.0,0.0614254801
3,18,22000.0,
3,18,23000.0,0.043618578661
3,18,24000.0,0.043618578661
3,18,25000.0,0.043618578661
3,18,26000.0,
3,18,27000.0,
3,18,28000.0,
3,18,29000.0,
3,18,30000.0,0.028256682952
3,18,31000.0,0.028256682952
3,18,32000.0,0.028256682952
3,18,33000.0,
3,18,34000.0,
3,18,35000.0,
3,18,36000.0,
3,18,37000.0,3.197116850279
3,18,38000.0,3.197116850279
3,18,39000.0,3.197116850279
3,18,40000.0,
3,18,41000.0,
3,18,42000.0,
3,18,43000.0,
3,18,44000.0,
3,18,45000.0,
3,18,46000.0,
3,18,47000.0,
3,18,48000.0,
3,18,49000.0,
3,18,50000.0,
3,19,5000.0,0.012905141215
3,19,6000.0,0.012905141215
3,19,7000.0,0.012905141215
3,19,8000.0,0.015623810957
3,19,9000.0,0.015623810957
3,19,10000.0,0.015623810957
3,19,11000.0,
3,19,12000.0,
3,19,13000.0,
3,19,14000.0,
3,19,15000.0,
3,19,16000.0,3.006469078448
3,19,17000.0,3.006469078448
3,19,18000.0,3.006469078448
3,19,19000.0,
3,19,20000.0,0.018661113739
3,19,21000.0,0.018661113739
3,19,22000.0,0.018661113739
3,19,23000.0,
3,19,24000.0,0.014561552199
3,19,25000.0,0.014561552199
3,19,26000.0,0.014561552199
3,19,27000.0,
3,19,28000.0,
3,19,29000.0,
3,19,30000.0,
3,19,31000.0,
3,19,32000.0,
3,19,33000.0,
3,19,34000.0,
3,19,35000.0,
3,19,36000.0,
3,19,37000.0,
3,19,38000.0,
3,19,39000.0,
3,19,40000.0,
3,19,41000.0,
3,19,42000.0,
3,19,43000.0,
3,19,44000.0,
3,19,45000.0,
3,19,46000.0,
3,19,47000.0,0.101154487631
3,19,48000.0,0.101154487631
3,19,49000.0,0.101154487631
3,19,50000.0,
3,20,5000.0,0.073526268658
3,20,6000.0,0.073526268658
3,20,7000.0,0.073526268658
3,20,8000.0,0.013350192212
3,20,9000.0,0.013350192212
3,20,10000.0,0.013350192212
3,20,11000.0,
3,20,12000.0,
3,20,13000.0,0.293216132265
3,20,14000.0,0.293216132265
3,20,15000.0,0.293216132265
3,20,16000.0,
3,20,17000.0,
3,20,18000.0,0.007933441507
3,20,19000.0,0.007933441507
3,20,20000.0,0.007933441507
3,20,21000.0,
3,20,22000.0,0.008983536781
3,20,23000.0,0.008983536781
3,20,24000.0,0.008983536781
3,20,25000.0,
3,20,26000.0,0.018121141728
3,20,27000.0,0.018121141728
3,20,28000.0,0.018121141728
3,20,29000.0,
3,20,30000.0,
3,20,31000.0,0.013000660102
3,20,32000.0,0.013000660102
3,20,33000.0,0.013000660102
3,20,34000.0,
3,20,35000.0,
3,20,36000.0,
3,20,37000.0,
3,20,38000.0,
3,20,39000.0,
3,20,40000.0,
3,20,41000.0,
3,20,42000.0,
3,20,43000.0,
3,20,44000.0,
3,20,45000.0,
3,20,46000.0,
3,20,47000.0,
3,20,48000.0,
3,20,49000.0,
3,20,50000.0,
3,21,5000.0,0.211749032225
3,21,6000.0,0.211749032225
3,21,7000.0,0.211749032225
3,21,8000.0,
3,21,9000.0,
3,21,10000.0,
3,21,11000.0,
3,21,12000.0,
3,21,13000.0,
3,21,14000.0,
3,21,15000.0,
3,21,16000.0,
3,21,17000.0,
3,21,18000.0,
3,21,19000.0,
3,21,20000.0,0.033175905259
3,21,21000.0,0.033175905259
3,21,22000.0,0.033175905259
3,21,23000.0,
3,21,24000.0,
3,21,25000.0,
3,21,26000.0,
3,21,27000.0,
3,21,28000.0,0.019178536772
3,21,29000.0,0.019178536772
3,21,30000.0,0.019178536772
3,21,31000.0,
3,21,32000.0,
3,21,33000.0,0.017624343418
3,21,34000.0,0.017624343418
3,21,35000.0,0.017624343418
3,21,36000.0,
3,21,37000.0,
3,21,38000.0,
3,21,39000.0,
3,21,40000.0,
3,21,41000.0,
3,21,42000.0,
3,21,43000.0,
3,21,44000.0,
3,21,45000.0,0.49461812374
3,21,46000.0,0.49461812374
3,21,47000.0,0.49461812374
3,21,48000.0,
3,21,49000.0,0.014755634646
3,21,50000.0,0.014755634646
3,22,5000.0,0.306728364087
3,22,6000.0,0.306728364087
3,22,7000.0,0.306728364087
3,22,8000.0,
3,22,9000.0,
3,22,10000.0,
3,22,11000.0,
3,22,12000.0,0.148193575347
3,22,13000.0,0.148193575347
3,22,14000.0,0.148193575347
3,22,15000.0,
3,22,16000.0,
3,22,17000.0,
3,22,18000.0,
3,22,19000.0,
3,22,20000.0,
3,22,21000.0,
3,22,22000.0,
3,22,23000.0,
3,22,24000.0,
3,22,25000.0,
3,22,26000.0,
3,22,27000.0,
3,22,28000.0,9.177118607647
3,22,29000.0,9.177118607647
3,22,30000.0,9.177118607647
3,22,31000.0,
3,22,32000.0,
3,22,33000.0,
3,22,34000.0,
3,22,35000.0,
3,22,36000.0,
3,22,37000.0,
3,22,38000.0,
3,22,39000.0,
3,22,40000.0,
3,22,41000.0,
3,22,42000.0,
3,22,43000.0,
3,22,44000.0,
3,22,45000.0,
3,22,46000.0,
3,22,47000.0,
3,22,48000.0,
3,22,49000.0,
3,22,50000.0,
3,23,5000.0,0.007788865079
3,23,6000.0,0.007788865079
3,23,7000.0,0.007788865079
3,23,8000.0,
3,23,9000.0,
3,23,10000.0,0.014820181029
3,23,11000.0,0.014820181029
3,23,12000.0,0.014820181029
3,23,13000.0,0.007930858152
3,23,14000.0,0.007930858152
3,23,15000.0,0.007930858152
3,23,16000.0,
3,23,17000.0,0.018626837774
3,23,18000.0,0.018626837774
3,23,19000.0,0.018626837774
3,23,20000.0,
3,23,21000.0,0.009793972397
3,23,22000.0,0.009793972397
3,23,23000.0,0.009793972397
3,23,24000.0,
3,23,25000.0,0.016130890204
3,23,26000.0,0.016130890204
3,23,27000.0,0.016130890204
3,23,28000.0,
3,23,29000.0,
3,23,30000.0,
3,23,31000.0,
3,23,32000.0,
3,23,33000.0,
3,23,34000.0,
3,23,35000.0,
3,23,36000.0,
3,23,37000.0,
3,23,38000.0,
3,23,39000.0,
3,23,40000.0,
3,23,41000.0,
3,23,42000.0,3.037275807615
3,23,43000.0,3.037275807615
3,23,44000.0,3.037275807615
3,23,45000.0,
3,23,46000.0,
3,23,47000.0,
3,23,48000.0,
3,23,49000.0,
3,23,50000.0,
3,24,5000.0,
3,24,6000.0,
3,24,7000.0,
3,24,8000.0,
3,24,9000.0,0.028111662223
3,24,10000.0,0.028111662223
3,24,11000.0,0.028111662223
3,24,12000.0,
3,24,13000.0,0.057629199321
3,24,14000.0,0.057629199321
3,24,15000.0,0.057629199321
3,24,16000.0,
3,24,17000.0,
3,24,18000.0,
3,24,19000.0,
3,24,20000.0,
3,24,21000.0,
3,24,22000.0,
3,24,23000.0,
3,24,24000.0,
3,24,25000.0,
3,24,26000.0,
3,24,27000.0,
3,24,28000.0,
3,24,29000.0,
3,24,30000.0,
3,24,31000.0,
3,24,32000.0,
3,24,33000.0,
3,24,34000.0,
3,24,35000.0,
3,24,36000.0,
3,24,37000.0,
3,24,38000.0,
3,24,39000.0,
3,24,40000.0,
3,24,41000.0,
3,24,42000.0,
3,24,43000.0,
3,24,44000.0,
3,24,45000.0,
3,24,46000.0,
3,24,47000.0,
3,24,48000.0,
3,24,49000.0,
3,24,50000.0,
4,0,5000.0,
4,0,6000.0,
4,0,7000.0,
4,0,8000.0,
4,0,9000.0,
4,0,10000.0,
4,0,11000.0,
4,0,12000.0,
4,0,13000.0,
4,0,14000.0,
4,0,15000.0,
4,0,16000.0,
4,0,17000.0,
4,0,18000.0,
4,0,19000.0,
4,0,20000.0,
4,0,21000.0,
4,0,22000.0,
4,0,23000.0,
4,0,24000.0,
4,0,25000.0,
4,0,26000.0,
4,0,27000.0,
4,0,28000.0,
4,0,29000.0,
4,0,30000.0,
4,0,31000.0,
4,0,32000.0,
4,0,33000.0,
4,0,34000.0,
4,0,35000.0,
4,0,36000.0,
4,0,37000.0,
4,0,38000.0,
4,0,39000.0,
4,0,40000.0,
4,0,41000.0,
4,0,42000.0,
4,0,43000.0,
4,0,44000.0,
4,0,45000.0,
4,0,46000.0,
4,0,47000.0,
4,0,48000.0,
4,0,49000.0,
4,0,50000.0,0.032562378264
4,1,5000.0,0.050823978502
4,1,6000.0,0.050823978502
4,1,7000.0,0.050823978502
4,1,8000.0,
4,1,9000.0,
4,1,10000.0,
4,1,11000.0,
4,1,12000.0,0.024039195193
4,1,13000.0,0.024039195193
4,1,14000.0,0.024039195193
4,1,15000.0,
4,1,16000.0,
4,1,17000.0,0.032650299425
4,1,18000.0,0.032650299425
4,1,19000.0,0.032650299425
4,1,20000.0,
4,1,21000.0,
4,1,22000.0,
4,1,23000.0,
4,1,24000.0,
4,1,25000.0,
4,1,26000.0,
4,1,27000.0,
4,1,28000.0,
4,1,29000.0,
4,1,30000.0,
4,1,31000.0,
4,1,32000.0,
4,1,33000.0,0.023153481808
4,1,34000.0,0.023153481808
4,1,35000.0,0.023153481808
4,1,36000.0,
4,1,37000.0,0.027849785028
4,1,38000.0,0.027849785028
4,1,39000.0,0.027849785028
4,1,40000.0,
4,1,41000.0,
4,1,42000.0,
4,1,43000.0,
4,1,44000.0,0.033049400936
4,1,45000.0,0.033049400936
4,1,46000.0,0.033049400936
4,1,47000.0,
4,1,48000.0,
4,1,49000.0,
4,1,50000.0,
4,2,5000.0,
4,2,6000.0,
4,2,7000.0,
4,2,8000.0,
4,2,9000.0,
4,2,10000.0,
4,2,11000.0,
4,2,12000.0,
4,2,13000.0,
4,2,14000.0,
4,2,15000.0,
4,2,16000.0,
4,2,17000.0,
4,2,18000.0,
4,2,19000.0,
4,2,20000.0,
4,2,21000.0,
4,2,22000.0,
4,2,23000.0,
4,2,24000.0,
4,2,25000.0,
4,2,26000.0,
4,2,27000.0,
4,2,28000.0,
4,2,29000.0,
4,2,30000.0,
4,2,31000.0,
4,2,32000.0,
4,2,33000.0,
4,2,34000.0,
4,2,35000.0,
4,2,36000.0,
4,2,37000.0,
4,2,38000.0,
4,2,39000.0,
4,2,40000.0,
4,2,41000.0,
4,2,42000.0,
4,2,43000.0,
4,2,44000.0,
4,2,45000.0,
4,2,46000.0,
4,2,47000.0,
4,2,48000.0,
4,2,49000.0,
4,2,50000.0,
4,4,5000.0,
4,4,6000.0,
4,4,7000.0,
4,4,8000.0,
4,4,9000.0,
4,4,10000.0,
4,4,11000.0,
4,4,12000.0,
4,4,13000.0,
4,4,14000.0,
4,4,15000.0,
4,4,16000.0,
4,4,17000.0,
4,4,18000.0,
4,4,19000.0,
4,4,20000.0,
4,4,21000.0,
4,4,22000.0,
4,4,23000.0,
4,4,24000.0,
4,4,25000.0,
4,4,26000.0,
4,4,27000.0,
4,4,28000.0,
4,4,29000.0,
4,4,30000.0,
4,4,31000.0,
4,4,32000.0,
4,4,33000.0,
4,4,34000.0,
4,4,35000.0,
4,4,36000.0,
4,4,37000.0,
4,4,38000.0,
4,4,39000.0,
4,4,40000.0,
4,4,41000.0,
4,4,42000.0,
4,4,43000.0,
4,4,44000.0,
4,4,45000.0,
4,4,46000.0,
4,4,47000.0,
4,4,48000.0,
4,4,49000.0,
4,4,50000.0,3.274027684985
4,5,5000.0,
4,5,6000.0,
4,5,7000.0,
4,5,8000.0,
4,5,9000.0,
4,5,10000.0,
4,5,11000.0,
4,5,12000.0,
4,5,13000.0,
4,5,14000.0,
4,5,15000.0,
4,5,16000.0,
4,5,17000.0,
4,5,18000.0,
4,5,19000.0,
4,5,20000.0,
4,5,21000.0,
4,5,22000.0,
4,5,23000.0,
4,5,24000.0,
4,5,25000.0,
4,5,26000.0,
4,5,27000.0,
4,5,28000.0,
4,5,29000.0,
4,5,30000.0,
4,5,31000.0,
4,5,32000.0,
4,5,33000.0,
4,5,34000.0,
4,5,35000.0,
4,5,36000.0,
4,5,37000.0,
4,5,38000.0,
4,5,39000.0,
4,5,40000.0,
4,5,41000.0,
4,5,42000.0,
4,5,43000.0,
4,5,44000.0,
4,5,45000.0,
4,5,46000.0,
4,5,47000.0,
4,5,48000.0,
4,5,49000.0,
4,5,50000.0,
4,6,5000.0,
4,6,6000.0,
4,6,7000.0,
4,6,8000.0,
4,6,9000.0,
4,6,10000.0,
4,6,11000.0,
4,6,12000.0,
4,6,13000.0,
4,6,14000.0,
4,6,15000.0,
4,6,16000.0,
4,6,17000.0,
4,6,18000.0,
4,6,19000.0,
4,6,20000.0,
4,6,21000.0,
4,6,22000.0,
4,6,23000.0,
4,6,24000.0,
4,6,25000.0,
4,6,26000.0,
4,6,27000.0,
4,6,28000.0,
4,6,29000.0,
4,6,30000.0,
4,6,31000.0,
4,6,32000.0,
4,6,33000.0,
4,6,34000.0,
4,6,35000.0,
4,6,36000.0,
4,6,37000.0,
4,6,38000.0,
4,6,39000.0,
4,6,40000.0,
4,6,41000.0,
4,6,42000.0,
4,6,43000.0,
4,6,44000.0,
4,6,45000.0,
4,6,46000.0,
4,6,47000.0,
4,6,48000.0,
4,6,49000.0,
4,6,50000.0,
4,7,5000.0,
4,7,6000.0,
4,7,7000.0,
4,7,8000.0,
4,7,9000.0,
4,7,10000.0,
4,7,11000.0,0.033319258189
4,7,12000.0,0.033319258189
4,7,13000.0,0.033319258189
4,7,14000.0,
4,7,15000.0,
4,7,16000.0,0.060599035611
4,7,17000.0,0.060599035611
4,7,18000.0,0.060599035611
4,7,19000.0,
4,7,20000.0,0.023706374959
4,7,21000.0,0.023706374959
4,7,22000.0,0.023706374959
4,7,23000.0,
4,7,24000.0,
4,7,25000.0,
4,7,26000.0,
4,7,27000.0,
4,7,28000.0,0.017454170961
4,7,29000.0,0.017454170961
4,7,30000.0,0.017454170961
4,7,31000.0,
4,7,32000.0,
4,7,33000.0,
4,7,34000.0,
4,7,35000.0,
4,7,36000.0,0.149817086446
4,7,37000.0,0.149817086446
4,7,38000.0,0.149817086446
4,7,39000.0,
4,7,40000.0,
4,7,41000.0,
4,7,42000.0,0.016376135999
4,7,43000.0,0.016376135999
4,7,44000.0,0.016376135999
4,7,45000.0,
4,7,46000.0,
4,7,47000.0,
4,7,48000.0,
4,7,49000.0,
4,7,50000.0,
4,8,5000.0,
4,8,6000.0,
4,8,7000.0,
4,8,8000.0,
4,8,9000.0,
4,8,10000.0,
4,8,11000.0,
4,8,12000.0,
4,8,13000.0,
4,8,14000.0,
4,8,15000.0,
4,8,16000.0,
4,8,17000.0,
4,8,18000.0,
4,8,19000.0,
4,8,20000.0,
4,8,21000.0,
4,8,22000.0,
4,8,23000.0,
4,8,24000.0,
4,8,25000.0,
4,8,26000.0,
4,8,27000.0,
4,8,28000.0,
4,8,29000.0,
4,8,30000.0,
4,8,31000.0,
4,8,32000.0,
4,8,33000.0,
4,8,34000.0,
4,8,35000.0,
4,8,36000.0,
4,8,37000.0,
4,8,38000.0,
4,8,39000.0,
4,8,40000.0,
4,8,41000.0,
4,8,42000.0,
4,8,43000.0,
4,8,44000.0,
4,8,45000.0,
4,8,46000.0,
4,8,47000.0,
4,8,48000.0,
4,8,49000.0,
4,8,50000.0,
4,9,5000.0,
4,9,6000.0,
4,9,7000.0,
4,9,8000.0,
4,9,9000.0,
4,9,10000.0,
4,9,11000.0,
4,9,12000.0,
4,9,13000.0,
4,9,14000.0,0.079761397985
4,9,15000.0,0.079761397985
4,9,16000.0,0.079761397985
4,9,17000.0,
4,9,18000.0,
4,9,19000.0,
4,9,20000.0,
4,9,21000.0,
4,9,22000.0,
4,9,23000.0,
4,9,24000.0,
4,9,25000.0,
4,9,26000.0,
4,9,27000.0,
4,9,28000.0,
4,9,29000.0,
4,9,30000.0,
4,9,31000.0,
4,9,32000.0,
4,9,33000.0,
4,9,34000.0,
4,9,35000.0,
4,9,36000.0,
4,9,37000.0,
4,9,38000.0,
4,9,39000.0,0.023096343122
4,9,40000.0,0.023096343122
4,9,41000.0,0.023096343122
4,9,42000.0,
4,9,43000.0,0.093196921346
4,9,44000.0,0.093196921346
4,9,45000.0,0.093196921346
4,9,46000.0,0.071943819018
4,9,47000.0,0.071943819018
4,9,48000.0,0.071943819018
4,9,49000.0,
4,9,50000.0,0.032089311149
4,10,5000.0,
4,10,6000.0,
4,10,7000.0,
4,10,8000.0,
4,10,9000.0,
4,10,10000.0,
4,10,11000.0,
4,10,12000.0,
4,10,13000.0,
4,10,14000.0,
4,10,15000.0,
4,10,16000.0,
4,10,17000.0,
4,10,18000.0,
4,10,19000.0,
4,10,20000.0,
4,10,21000.0,
4,10,22000.0,
4,10,23000.0,
4,10,24000.0,
4,10,25000.0,
4,10,26000.0,
4,10,27000.0,
4,10,28000.0,0.008624056517
4,10,29000.0,0.008624056517
4,10,30000.0,0.008624056517
4,10,31000.0,0.008033895495
4,10,32000.0,0.008033895495
4,10,33000.0,0.008033895495
4,10,34000.0,
4,10,35000.0,
4,10,36000.0,0.020724779496
4,10,37000.0,0.020724779496
4,10,38000.0,0.020724779496
4,10,39000.0,0.031447016254
4,10,40000.0,0.031447016254
4,10,41000.0,0.031447016254
4,10,42000.0,
4,10,43000.0,0.017040440891
4,10,44000.0,0.017040440891
4,10,45000.0,0.017040440891
4,10,46000.0,
4,10,47000.0,0.014169023784
4,10,48000.0,0.014169023784
4,10,49000.0,0.014169023784
4,10,50000.0,
4,11,5000.0,
4,11,6000.0,0.041242420037
4,11,7000.0,0.041242420037
4,11,8000.0,0.041242420037
4,11,9000.0,
4,11,10000.0,
4,11,11000.0,
4,11,12000.0,0.02240134922
4,11,13000.0,0.02240134922
4,11,14000.0,0.02240134922
4,11,15000.0,
4,11,16000.0,
4,11,17000.0,
4,11,18000.0,0.01423617501
4,11,19000.0,0.01423617501
4,11,20000.0,0.01423617501
4,11,21000.0,
4,11,22000.0,
4,11,23000.0,
4,11,24000.0,
4,11,25000.0,
4,11,26000.0,
4,11,27000.0,
4,11,28000.0,
4,11,29000.0,
4,11,30000.0,
4,11,31000.0,
4,11,32000.0,
4,11,33000.0,
4,11,34000.0,
4,11,35000.0,
4,11,36000.0,
4,11,37000.0,
4,11,38000.0,
4,11,39000.0,
4,11,40000.0,
4,11,41000.0,
4,11,42000.0,
4,11,43000.0,
4,11,44000.0,0.011859272204
4,11,45000.0,0.011859272204
4,11,46000.0,0.011859272204
4,11,47000.0,
4,11,48000.0,
4,11,49000.0,
4,11,50000.0,
4,12,5000.0,0.057585818092
4,12,6000.0,0.057585818092
4,12,7000.0,0.057585818092
4,12,8000.0,
4,12,9000.0,0.019907543663
4,12,10000.0,0.019907543663
4,12,11000.0,0.019907543663
4,12,12000.0,
4,12,13000.0,
4,12,14000.0,0.022107627345
4,12,15000.0,0.022107627345
4,12,16000.0,0.022107627345
4,12,17000.0,
4,12,18000.0,
4,12,19000.0,0.029332774374
4,12,20000.0,0.029332774374
4,12,21000.0,0.029332774374
4,12,22000.0,
4,12,23000.0,
4,12,24000.0,
4,12,25000.0,
4,12,26000.0,0.013459868892
4,12,27000.0,0.013459868892
4,12,28000.0,0.013459868892
4,12,29000.0,
4,12,30000.0,0.011817775477
4,12,31000.0,0.011817775477
4,12,32000.0,0.011817775477
4,12,33000.0,
4,12,34000.0,
4,12,35000.0,
4,12,36000.0,
4,12,37000.0,0.014563547265
4,12,38000.0,0.014563547265
4,12,39000.0,0.014563547265
4,12,40000.0,
4,12,41000.0,
4,12,42000.0,
4,12,43000.0,
4,12,44000.0,0.011077377109
4,12,45000.0,0.011077377109
4,12,46000.0,0.011077377109
4,12,47000.0,
4,12,48000.0,0.008511862645
4,12,49000.0,0.008511862645
4,12,50000.0,0.008511862645
4,13,5000.0,
4,13,6000.0,
4,13,7000.0,
4,13,8000.0,
4,13,9000.0,
4,13,10000.0,
4,13,11000.0,0.167645949565
4,13,12000.0,0.167645949565
4,13,13000.0,0.167645949565
4,13,14000.0,
4,13,15000.0,
4,13,16000.0,
4,13,17000.0,
4,13,18000.0,0.015545735269
4,13,19000.0,0.015545735269
4,13,20000.0,0.015545735269
4,13,21000.0,
4,13,22000.0,
4,13,23000.0,
4,13,24000.0,
4,13,25000.0,
4,13,26000.0,
4,13,27000.0,
4,13,28000.0,
4,13,29000.0,
4,13,30000.0,
4,13,31000.0,
4,13,32000.0,0.030317787675
4,13,33000.0,0.030317787675
4,13,34000.0,0.030317787675
4,13,35000.0,
4,13,36000.0,
4,13,37000.0,
4,13,38000.0,
4,13,39000.0,
4,13,40000.0,
4,13,41000.0,
4,13,42000.0,
4,13,43000.0,3.077019790543
4,13,44000.0,3.077019790543
4,13,45000.0,3.077019790543
4,13,46000.0,
4,13,47000.0,
4,13,48000.0,
4,13,49000.0,
4,13,50000.0,
4,14,5000.0,
4,14,6000.0,0.012894706599
4,14,7000.0,0.012894706599
4,14,8000.0,0.012894706599
4,14,9000.0,
4,14,10000.0,0.007869152933
4,14,11000.0,0.007869152933
4,14,12000.0,0.007869152933
4,14,13000.0,
4,14,14000.0,
4,14,15000.0,0.007609070194
4,14,16000.0,0.007609070194
4,14,17000.0,0.007609070194
4,14,18000.0,
4,14,19000.0,0.008469094888
4,14,20000.0,0.008469094888
4,14,21000.0,0.008469094888
4,14,22000.0,0.008189182305
4,14,23000.0,0.008189182305
4,14,24000.0,0.008189182305
4,14,25000.0,
4,14,26000.0,
4,14,27000.0,0.010303172579
4,14,28000.0,0.010303172579
4,14,29000.0,0.010303172579
4,14,30000.0,
4,14,31000.0,
4,14,32000.0,0.013465300205
4,14,33000.0,0.013465300205
4,14,34000.0,0.013465300205
4,14,35000.0,
4,14,36000.0,0.023857872937
4,14,37000.0,0.023857872937
4,14,38000.0,0.023857872937
4,14,39000.0,
4,14,40000.0,0.025513920155
4,14,41000.0,0.025513920155
4,14,42000.0,0.025513920155
4,14,43000.0,
4,14,44000.0,0.017830199709
4,14,45000.0,0.017830199709
4,14,46000.0,0.017830199709
4,14,47000.0,
4,14,48000.0,
4,14,49000.0,0.014494603525
4,14,50000.0,0.014494603525
4,15,5000.0,
4,15,6000.0,0.012356950489
4,15,7000.0,0.012356950489
4,15,8000.0,0.012356950489
4,15,9000.0,
4,15,10000.0,0.008008492705
4,15,11000.0,0.008008492705
4,15,12000.0,0.008008492705
4,15,13000.0,
4,15,14000.0,
4,15,15000.0,0.016006427968
4,15,16000.0,0.016006427968
4,15,17000.0,0.016006427968
4,15,18000.0,
4,15,19000.0,0.008390606377
4,15,20000.0,0.008390606377
4,15,21000.0,0.008390606377
4,15,22000.0,
4,15,23000.0,0.007772042514
4,15,24000.0,0.007772042514
4,15,25000.0,0.007772042514
4,15,26000.0,
4,15,27000.0,
4,15,28000.0,0.008093066047
4,15,29000.0,0.008093066047
4,15,30000.0,0.008093066047
4,15,31000.0,
4,15,32000.0,0.013589706963
4,15,33000.0,0.013589706963
4,15,34000.0,0.013589706963
4,15,35000.0,
4,15,36000.0,0.010955533214
4,15,37000.0,0.010955533214
4,15,38000.0,0.010955533214
4,15,39000.0,
4,15,40000.0,0.04790685485
4,15,41000.0,0.04790685485
4,15,42000.0,0.04790685485
4,15,43000.0,0.01185860826
4,15,44000.0,0.01185860826
4,15,45000.0,0.01185860826
4,15,46000.0,
4,15,47000.0,
4,15,48000.0,
4,15,49000.0,
4,15,50000.0,
4,16,5000.0,
4,16,6000.0,
4,16,7000.0,
4,16,8000.0,
4,16,9000.0,
4,16,10000.0,
4,16,11000.0,
4,16,12000.0,
4,16,13000.0,
4,16,14000.0,
4,16,15000.0,
4,16,16000.0,
4,16,17000.0,
4,16,18000.0,
4,16,19000.0,
4,16,20000.0,
4,16,21000.0,
4,16,22000.0,
4,16,23000.0,0.067451372107
4,16,24000.0,0.067451372107
4,16,25000.0,0.067451372107
4,16,26000.0,
4,16,27000.0,
4,16,28000.0,
4,16,29000.0,
4,16,30000.0,
4,16,31000.0,
4,16,32000.0,
4,16,33000.0,
4,16,34000.0,
4,16,35000.0,
4,16,36000.0,0.083384466623
4,16,37000.0,0.083384466623
4,16,38000.0,0.083384466623
4,16,39000.0,
4,16,40000.0,
4,16,41000.0,0.007672627242
4,16,42000.0,0.007672627242
4,16,43000.0,0.007672627242
4,16,44000.0,
4,16,45000.0,0.008251260556
4,16,46000.0,0.008251260556
4,16,47000.0,0.008251260556
4,16,48000.0,
4,16,49000.0,0.057905752214
4,16,50000.0,0.057905752214
4,17,5000.0,0.027589126582
4,17,6000.0,0.027589126582
4,17,7000.0,0.027589126582
4,17,8000.0,0.023896392743
4,17,9000.0,0.023896392743
4,17,10000.0,0.023896392743
4,17,11000.0,
4,17,12000.0,
4,17,13000.0,
4,17,14000.0,
4,17,15000.0,
4,17,16000.0,
4,17,17000.0,
4,17,18000.0,
4,17,19000.0,
4,17,20000.0,
4,17,21000.0,
4,17,22000.0,0.063795346583
4,17,23000.0,0.063795346583
4,17,24000.0,0.063795346583
4,17,25000.0,
4,17,26000.0,0.03282236795
4,17,27000.0,0.03282236795
4,17,28000.0,0.03282236795
4,17,29000.0,
4,17,30000.0,
4,17,31000.0,
4,17,32000.0,
4,17,33000.0,
4,17,34000.0,0.064488683126
4,17,35000.0,0.064488683126
4,17,36000.0,0.064488683126
4,17,37000.0,
4,17,38000.0,
4,17,39000.0,0.033517548983
4,17,40000.0,0.033517548983
4,17,41000.0,0.033517548983
4,17,42000.0,
4,17,43000.0,
4,17,44000.0,
4,17,45000.0,
4,17,46000.0,
4,17,47000.0,
4,17,48000.0,
4,17,49000.0,
4,17,50000.0,
4,18,5000.0,
4,18,6000.0,
4,18,7000.0,
4,18,8000.0,
4,18,9000.0,
4,18,10000.0,
4,18,11000.0,
4,18,12000.0,
4,18,13000.0,
4,18,14000.0,
4,18,15000.0,
4,18,16000.0,
4,18,17000.0,
4,18,18000.0,
4,18,19000.0,
4,18,20000.0,
4,18,21000.0,
4,18,22000.0,
4,18,23000.0,0.060490830381
4,18,24000.0,0.060490830381
4,18,25000.0,0.060490830381
4,18,26000.0,
4,18,27000.0,
4,18,28000.0,
4,18,29000.0,
4,18,30000.0,0.02916208855
4,18,31000.0,0.02916208855
4,18,32000.0,0.02916208855
4,18,33000.0,
4,18,34000.0,0.025265792947
4,18,35000.0,0.025265792947
4,18,36000.0,0.025265792947
4,18,37000.0,
4,18,38000.0,
4,18,39000.0,
4,18,40000.0,
4,18,41000.0,
4,18,42000.0,0.430728385071
4,18,43000.0,0.430728385071
4,18,44000.0,0.430728385071
4,18,45000.0,
4,18,46000.0,0.11890893356
4,18,47000.0,0.11890893356
4,18,48000.0,0.11890893356
4,18,49000.0,
4,18,50000.0,
4,19,5000.0,
4,19,6000.0,
4,19,7000.0,
4,19,8000.0,
4,19,9000.0,
4,19,10000.0,
4,19,11000.0,
4,19,12000.0,
4,19,13000.0,
4,19,14000.0,0.01515487777
4,19,15000.0,0.01515487777
4,19,16000.0,0.01515487777
4,19,17000.0,0.017247528312
4,19,18000.0,0.017247528312
4,19,19000.0,0.017247528312
4,19,20000.0,
4,19,21000.0,0.025770473738
4,19,22000.0,0.025770473738
4,19,23000.0,0.025770473738
4,19,24000.0,
4,19,25000.0,0.015844215275
4,19,26000.0,0.015844215275
4,19,27000.0,0.015844215275
4,19,28000.0,
4,19,29000.0,
4,19,30000.0,0.007933352609
4,19,31000.0,0.007933352609
4,19,32000.0,0.007933352609
4,19,33000.0,
4,19,34000.0,0.028500922149
4,19,35000.0,0.028500922149
4,19,36000.0,0.028500922149
4,19,37000.0,0.008501915848
4,19,38000.0,0.008501915848
4,19,39000.0,0.008501915848
4,19,40000.0,
4,19,41000.0,
4,19,42000.0,0.023366166024
4,19,43000.0,0.023366166024
4,19,44000.0,0.023366166024
4,19,45000.0,
4,19,46000.0,
4,19,47000.0,
4,19,48000.0,
4,19,49000.0,0.016135998148
4,19,50000.0,0.016135998148
4,20,5000.0,
4,20,6000.0,
4,20,7000.0,
4,20,8000.0,
4,20,9000.0,
4,20,10000.0,
4,20,11000.0,
4,20,12000.0,
4,20,13000.0,
4,20,14000.0,
4,20,15000.0,
4,20,16000.0,
4,20,17000.0,
4,20,18000.0,
4,20,19000.0,
4,20,20000.0,
4,20,21000.0,
4,20,22000.0,
4,20,23000.0,
4,20,24000.0,
4,20,25000.0,
4,20,26000.0,
4,20,27000.0,
4,20,28000.0,
4,20,29000.0,
4,20,30000.0,
4,20,31000.0,
4,20,32000.0,
4,20,33000.0,
4,20,34000.0,
4,20,35000.0,
4,20,36000.0,
4,20,37000.0,
4,20,38000.0,
4,20,39000.0,
4,20,40000.0,
4,20,41000.0,
4,20,42000.0,
4,20,43000.0,
4,20,44000.0,0.036886377575
4,20,45000.0,0.036886377575
4,20,46000.0,0.036886377575
4,20,47000.0,
4,20,48000.0,
4,20,49000.0,
4,20,50000.0,
4,21,5000.0,
4,21,6000.0,0.0
4,21,7000.0,0.0
4,21,8000.0,0.0
4,21,9000.0,
4,21,10000.0,
4,21,11000.0,0.0
4,21,12000.0,0.0
4,21,13000.0,0.0
4,21,14000.0,
4,21,15000.0,0.0
4,21,16000.0,0.0
4,21,17000.0,0.0
4,21,18000.0,
4,21,19000.0,0.0
4,21,20000.0,0.0
4,21,21000.0,0.0
4,21,22000.0,
4,21,23000.0,0.0
4,21,24000.0,0.0
4,21,25000.0,0.0
4,21,26000.0,0.0
4,21,27000.0,0.0
4,21,28000.0,0.0
4,21,29000.0,
4,21,30000.0,0.0
4,21,31000.0,0.0
4,21,32000.0,0.0
4,21,33000.0,
4,21,34000.0,
4,21,35000.0,0.0
4,21,36000.0,0.0
4,21,37000.0,0.0
4,21,38000.0,
4,21,39000.0,
4,21,40000.0,0.0
4,21,41000.0,0.0
4,21,42000.0,0.0
4,21,43000.0,0.0
4,21,44000.0,0.0
4,21,45000.0,0.0
4,21,46000.0,
4,21,47000.0,0.0
4,21,48000.0,0.0
4,21,49000.0,0.0
4,21,50000.0,0.0
4,22,5000.0,
4,22,6000.0,0.007971233549
4,22,7000.0,0.007971233549
4,22,8000.0,0.007971233549
4,22,9000.0,
4,22,10000.0,0.007951622459
4,22,11000.0,0.007951622459
4,22,12000.0,0.007951622459
4,22,13000.0,
4,22,14000.0,
4,22,15000.0,
4,22,16000.0,
4,22,17000.0,0.007232303145
4,22,18000.0,0.007232303145
4,22,19000.0,0.007232303145
4,22,20000.0,
4,22,21000.0,0.013096164613
4,22,22000.0,0.013096164613
4,22,23000.0,0.013096164613
4,22,24000.0,0.008872985774
4,22,25000.0,0.008872985774
4,22,26000.0,0.008872985774
4,22,27000.0,
4,22,28000.0,
4,22,29000.0,0.007793471112
4,22,30000.0,0.007793471112
4,22,31000.0,0.007793471112
4,22,32000.0,
4,22,33000.0,0.027440867089
4,22,34000.0,0.027440867089
4,22,35000.0,0.027440867089
4,22,36000.0,
4,22,37000.0,0.022548981344
4,22,38000.0,0.022548981344
4,22,39000.0,0.022548981344
4,22,40000.0,
4,22,41000.0,
4,22,42000.0,
4,22,43000.0,
4,22,44000.0,
4,22,45000.0,
4,22,46000.0,
4,22,47000.0,
4,22,48000.0,
4,22,49000.0,
4,22,50000.0,
4,23,5000.0,
4,23,6000.0,
4,23,7000.0,
4,23,8000.0,
4,23,9000.0,
4,23,10000.0,
4,23,11000.0,
4,23,12000.0,
4,23,13000.0,
4,23,14000.0,0.040131160749
4,23,15000.0,0.040131160749
4,23,16000.0,0.040131160749
4,23,17000.0,0.033635967439
4,23,18000.0,0.033635967439
4,23,19000.0,0.033635967439
4,23,20000.0,
4,23,21000.0,
4,23,22000.0,
4,23,23000.0,
4,23,24000.0,
4,23,25000.0,0.044549957454
4,23,26000.0,0.044549957454
4,23,27000.0,0.044549957454
4,23,28000.0,
4,23,29000.0,
4,23,30000.0,
4,23,31000.0,
4,23,32000.0,0.045005281314
4,23,33000.0,0.045005281314
4,23,34000.0,0.045005281314
4,23,35000.0,
4,23,36000.0,
4,23,37000.0,
4,23,38000.0,
4,23,39000.0,0.196667534073
4,23,40000.0,0.196667534073
4,23,41000.0,0.196667534073
4,23,42000.0,
4,23,43000.0,
4,23,44000.0,
4,23,45000.0,
4,23,46000.0,
4,23,47000.0,
4,23,48000.0,
4,23,49000.0,
4,23,50000.0,
4,24,5000.0,
4,24,6000.0,0.038232449915
4,24,7000.0,0.038232449915
4,24,8000.0,0.038232449915
4,24,9000.0,0.007289544066
4,24,10000.0,0.007289544066
4,24,11000.0,0.007289544066
4,24,12000.0,
4,24,13000.0,0.008750565067
4,24,14000.0,0.008750565067
4,24,15000.0,0.008750565067
4,24,16000.0,
4,24,17000.0,0.008111624883
4,24,18000.0,0.008111624883
4,24,19000.0,0.008111624883
4,24,20000.0,
4,24,21000.0,0.009222812695
4,24,22000.0,0.009222812695
4,24,23000.0,0.009222812695
4,24,24000.0,0.012371316231
4,24,25000.0,0.012371316231
4,24,26000.0,0.012371316231
4,24,27000.0,
4,24,28000.0,
4,24,29000.0,
4,24,30000.0,
4,24,31000.0,
4,24,32000.0,0.016317882274
4,24,33000.0,0.016317882274
4,24,34000.0,0.016317882274
4,24,35000.0,
4,24,36000.0,
4,24,37000.0,
4,24,38000.0,
4,24,39000.0,
4,24,40000.0,
4,24,41000.0,
4,24,42000.0,
4,24,43000.0,
4,24,44000.0,
4,24,45000.0,
4,24,46000.0,0.016239765009
4,24,47000.0,0.016239765009
4,24,48000.0,0.016239765009
4,24,49000.0,
4,24,50000.0,0.089671653131
